Rank,Club,Country,Level,Elo,From,To
1,Arsenal,ENG,1,2062.10424805,2026-02-27,2026-03-01
2,Man City,ENG,1,1987.46484375,2026-02-27,2026-02-28
3,Bayern,GER,1,1980.68786621,2026-02-27,2026-02-28
4,Liverpool,ENG,1,1961.19848633,2026-02-27,2026-02-28
5,Paris SG,FRA,1,1943.1763916,2026-02-27,2026-02-28
6,Barcelona,ESP,1,1935.04101562,2026-02-27,2026-02-28
7,Aston Villa,ENG,1,1932.24182129,2026-02-27,2026-02-27
8,Chelsea,ENG,1,1922.30725098,2026-02-27,2026-03-01
9,Real Madrid,ESP,1,1919.40649414,2026-02-27,2026-03-02
10,Inter,ITA,1,1900.68273926,2026-02-27,2026-02-28
11,Man United,ENG,1,1889.25378418,2026-02-27,2026-03-01
12,Newcastle,ENG,1,1876.22631836,2026-02-27,2026-02-28
13,Sporting,POR,1,1851.79492188,2026-02-26,2026-02-27
14,Brentford,ENG,1,1847.69799805,2026-02-27,2026-02-28
15,Bournemouth,ENG,1,1846.29614258,2026-02-27,2026-02-28
16,Brighton,ENG,1,1842.33166504,2026-02-27,2026-03-01
17,Atletico,ESP,1,1833.43041992,2026-02-27,2026-02-28
18,Dortmund,GER,1,1830.56921387,2026-02-27,2026-02-28
19,Everton,ENG,1,1818.29833984,2026-02-27,2026-02-28
20,Fulham,ENG,1,1814.86218262,2026-02-27,2026-03-01
21,Atalanta,ITA,1,1812.15478516,2026-02-27,2026-03-01
22,Leverkusen,GER,1,1811.27001953,2026-02-27,2026-02-28
23,Benfica,POR,1,1809.52880859,2026-02-26,2026-03-02
24,Tottenham,ENG,1,1809.24377441,2026-02-27,2026-03-01
25,Milan,ITA,1,1809.05249023,2026-02-27,2026-03-01
26,Crystal Palace,ENG,1,1801.859375,2026-02-27,2026-03-01
27,Roma,ITA,1,1799.9888916,2026-02-27,2026-03-01
28,Leeds,ENG,1,1793.89245605,2026-02-27,2026-02-28
29,Forest,ENG,1,1788.25146484,2026-02-27,2026-03-01
30,Napoli,ITA,1,1785.59240723,2026-02-27,2026-02-28
31,Porto,POR,1,1777.83496094,2026-02-26,2026-02-27
32,Juventus,ITA,1,1775.01623535,2026-02-27,2026-03-01
33,PSV,NED,1,1772.89501953,2026-02-27,2026-02-28
34,Lyon,FRA,1,1762.48547363,2026-02-27,2026-03-01
35,Betis,ESP,1,1757.17590332,2026-02-27,2026-03-01
36,Lens,FRA,1,1756.8026123,2026-02-27,2026-02-27
37,West Ham,ENG,1,1751.22119141,2026-02-27,2026-02-28
38,Stuttgart,GER,1,1751.15209961,2026-02-27,2026-03-01
39,Villarreal,ESP,1,1743.85559082,2026-02-27,2026-02-28
40,RB Leipzig,GER,1,1739.02600098,2026-02-27,2026-03-01
41,Bodoe Glimt,NOR,1,1738.67822266,2026-02-27,2026-03-14
42,Como,ITA,1,1736.31762695,2026-02-27,2026-02-28
43,Hoffenheim,GER,1,1729.27648926,2026-02-27,2026-02-28
44,Marseille,FRA,1,1725.07653809,2026-02-27,2026-03-01
45,St Gillis,BEL,1,1721.2298584,2026-02-27,2026-03-01
46,Galatasaray,TUR,1,1721.1661377,2026-02-27,2026-02-28
47,Brugge,BEL,1,1719.33166504,2026-02-27,2026-03-01
48,Celta,ESP,1,1712.13220215,2026-02-27,2026-03-01
49,Lille,FRA,1,1712.06274414,2026-02-27,2026-03-01
50,Strasbourg,FRA,1,1710.67211914,2026-02-27,2026-02-27
51,Bilbao,ESP,1,1709.27783203,2026-02-27,2026-02-28
52,Burnley,ENG,1,1707.48449707,2026-02-27,2026-02-28
53,Lazio,ITA,1,1700.63562012,2026-02-27,2026-03-01
54,Bologna,ITA,1,1699.64868164,2026-02-27,2026-03-02
55,Midtjylland,DEN,1,1699.10205078,2026-02-27,2026-03-01
56,Monaco,FRA,1,1697.00463867,2026-02-27,2026-02-28
57,Sunderland,ENG,1,1696.41015625,2026-02-27,2026-02-28
58,Freiburg,GER,1,1693.43786621,2026-02-27,2026-03-01
59,Braga,POR,1,1689.57348633,2026-02-26,2026-02-28
60,Osasuna,ESP,1,1689.42297363,2026-02-27,2026-03-01
61,Olympiakos,GRE,1,1687.47851562,2026-02-27,2026-03-01
62,Rennes,FRA,1,1686.82922363,2026-02-27,2026-02-28
63,Fenerbahce,TUR,1,1686.07458496,2026-02-27,2026-03-01
64,Wolves,ENG,1,1680.27709961,2026-02-27,2026-02-27
65,Frankfurt,GER,1,1675.01037598,2026-02-27,2026-03-01
66,Sociedad,ESP,1,1674.32775879,2026-02-27,2026-02-28
67,Slavia Praha,CZE,1,1665.24487305,2026-02-27,2026-02-27
68,Zenit,RUS,1,1662.57800293,2026-02-27,2026-03-14
69,Brest,FRA,1,1660.36218262,2026-02-27,2026-03-01
70,Fiorentina,ITA,1,1657.24377441,2026-02-27,2026-03-02
71,Mainz,GER,1,1653.60302734,2026-02-27,2026-02-28
72,Valencia,ESP,1,1647.1439209,2026-02-27,2026-03-01
73,Toulouse,FRA,1,1641.35791016,2026-02-27,2026-02-28
74,Rayo Vallecano,ESP,1,1640.75671387,2026-02-27,2026-02-28
75,FC Krasnodar,RUS,1,1639.16955566,2026-02-27,2026-03-14
76,Ipswich,ENG,2,1636.27819824,2026-02-27,2026-02-28
77,Coventry,ENG,2,1635.57324219,2026-02-27,2026-02-28
78,AEK,GRE,1,1633.77990723,2026-02-27,2026-03-01
79,Girona,ESP,1,1632.16210938,2026-02-27,2026-03-01
80,Espanyol,ESP,1,1629.81359863,2026-02-27,2026-03-01
81,Genoa,ITA,1,1629.63427734,2026-02-27,2026-02-28
82,Union Berlin,GER,1,1627.05822754,2026-02-27,2026-02-28
83,Lorient,FRA,1,1626.61376953,2026-02-27,2026-03-01
84,Sassuolo,ITA,1,1625.16577148,2026-02-27,2026-03-01
85,Augsburg,GER,1,1619.38049316,2026-02-27,2026-02-27
86,Mallorca,ESP,1,1616.86022949,2026-02-27,2026-02-28
87,Getafe,ESP,1,1613.03808594,2026-02-27,2026-03-02
88,Sevilla,ESP,1,1612.97265625,2026-02-27,2026-03-01
89,Parma,ITA,1,1611.30041504,2026-02-27,2026-02-27
90,Alaves,ESP,1,1609.2578125,2026-02-27,2026-02-27
91,Werder,GER,1,1608.95446777,2026-02-27,2026-02-28
92,PAOK,GRE,1,1608.77441406,2026-02-27,2026-03-01
93,Feyenoord,NED,1,1608.53723145,2026-02-27,2026-03-01
94,Gladbach,GER,1,1607.87902832,2026-02-27,2026-02-28
95,Viking,NOR,1,1602.5612793,2026-02-27,2026-03-14
96,Middlesbrough,ENG,2,1602.21728516,2026-02-27,2026-03-02
97,Torino,ITA,1,1602.01635742,2026-02-27,2026-03-01
98,Udinese,ITA,1,1600.39379883,2026-02-27,2026-03-02
99,Wolfsburg,GER,1,1599.77661133,2026-02-27,2026-03-01
100,Genk,BEL,1,1595.24780273,2026-02-27,2026-03-01
None,CSKA Moskva,RUS,1,1595.08752441,2026-02-09,2026-03-14
None,Cagliari,ITA,1,1595.02893066,2026-02-27,2026-02-27
None,Hamburg,GER,1,1594.97045898,2026-02-27,2026-03-01
None,Ajax,NED,1,1594.40649414,2026-02-27,2026-03-01
None,Viktoria Plzen,CZE,1,1591.74108887,2026-02-27,2026-03-01
None,Sparta Praha,CZE,1,1590.91137695,2026-02-27,2026-02-28
None,Nice,FRA,1,1587.53222656,2026-02-27,2026-03-01
None,Elche,ESP,1,1586.67797852,2026-02-27,2026-03-01
None,Venezia,ITA,2,1585.87475586,2026-02-27,2026-02-28
None,Southampton,ENG,2,1582.0880127,2026-02-27,2026-02-28
None,FC Kobenhavn,DEN,1,1580.70654297,2026-02-22,2026-03-01
None,Crvena Zvezda,SRB,1,1579.74645996,2026-02-27,2026-03-01
None,Aarhus,DEN,1,1579.13916016,2026-02-23,2026-03-01
None,Sheffield United,ENG,2,1576.63269043,2026-02-27,2026-02-28
None,Lok Moskva,RUS,1,1576.38354492,2026-01-01,2026-03-14
None,Millwall,ENG,2,1574.02233887,2026-02-27,2026-02-28
None,Koeln,GER,1,1573.64611816,2026-02-27,2026-02-27
None,Levante,ESP,1,1572.92175293,2026-02-27,2026-02-27
None,Le Havre,FRA,1,1565.81005859,2026-02-27,2026-02-28
None,Hull,ENG,2,1563.32751465,2026-02-27,2026-02-28
None,Paphos,CYP,0,1561.80773926,2026-02-27,2026-03-14
None,Auxerre,FRA,1,1561.68945312,2026-02-27,2026-03-01
None,Lecce,ITA,1,1561.37121582,2026-02-27,2026-02-28
None,St Pauli,GER,1,1559.71704102,2026-02-27,2026-02-28
None,Angers,FRA,1,1558.55371094,2026-02-27,2026-02-28
None,Panathinaikos,GRE,1,1558.55175781,2026-02-27,2026-03-01
None,St Truiden,BEL,1,1555.04455566,2026-02-27,2026-02-28
None,Karabakh Agdam,AZE,0,1554.37609863,2026-02-25,2026-03-14
None,Celtic,SCO,1,1552.27770996,2026-02-27,2026-03-01
None,Spartak Moskva,RUS,1,1550.35656738,2026-01-01,2026-03-14
None,Oviedo,ESP,1,1550.31738281,2026-02-27,2026-02-28
None,Almeria,ESP,2,1549.9050293,2026-02-27,2026-02-27
None,Shakhtar,UKR,1,1547.77954102,2026-02-23,2026-02-27
None,Santander,ESP,2,1547.51635742,2026-02-27,2026-02-28
None,Castellon,ESP,2,1546.2767334,2026-02-27,2026-02-28
None,Mjaellby,SWE,1,1546.16772461,2026-01-30,2026-03-14
None,Dinamo Zagreb,CRO,1,1546.04589844,2026-02-27,2026-03-01
None,Cremonese,ITA,1,1545.92077637,2026-02-27,2026-03-01
None,Guimaraes,POR,1,1545.51489258,2026-02-26,2026-02-28
None,Monza,ITA,2,1544.54272461,2026-02-27,2026-02-27
None,Wrexham,ENG,2,1543.63452148,2026-02-27,2026-02-28
None,Alkmaar,NED,1,1543.2199707,2026-02-27,2026-03-01
None,Reims,FRA,2,1542.72631836,2026-02-27,2026-02-27
None,Famalicao,POR,1,1542.52197266,2026-02-26,2026-03-01
None,Gil Vicente,POR,1,1539.65856934,2026-02-26,2026-03-02
None,Rangers,SCO,1,1538.7869873,2026-02-27,2026-03-01
None,Paris FC,FRA,1,1538.7845459,2026-02-27,2026-03-01
None,Anderlecht,BEL,1,1538.56555176,2026-02-27,2026-02-28
None,Brondby,DEN,1,1538.19958496,2026-02-24,2026-03-01
None,Trabzonspor,TUR,1,1537.36499023,2026-02-27,2026-02-27
None,Twente,NED,1,1537.36450195,2026-02-27,2026-03-01
None,Las Palmas,ESP,2,1536.62451172,2026-02-27,2026-03-14
None,Bristol City,ENG,2,1535.61645508,2026-02-27,2026-02-27
None,Rakow,POL,1,1535.38525391,2026-02-27,2026-03-01
None,Brann,NOR,1,1533.67980957,2026-02-27,2026-03-14
None,Norwich,ENG,2,1533.40270996,2026-02-27,2026-02-28
None,Leicester,ENG,2,1532.55712891,2026-02-27,2026-02-28
None,Derby,ENG,2,1530.33056641,2026-02-27,2026-02-28
None,Frosinone,ITA,2,1530.15930176,2026-02-27,2026-03-01
None,Nantes,FRA,1,1529.06445312,2026-02-27,2026-03-01
None,Swansea,ENG,2,1528.4354248,2026-02-27,2026-02-28
None,Besiktas,TUR,1,1527.03137207,2026-02-27,2026-02-28
None,Nijmegen,NED,1,1525.56665039,2026-02-27,2026-02-28
None,Palermo,ITA,2,1523.95361328,2026-02-27,2026-03-01
None,Elversberg,GER,2,1523.94958496,2026-02-27,2026-02-28
None,Watford,ENG,2,1523.71081543,2026-02-27,2026-02-27
None,Darmstadt,GER,2,1522.84301758,2026-02-27,2026-02-27
None,Preston,ENG,2,1521.40124512,2026-02-27,2026-02-28
None,Paderborn,GER,2,1518.96264648,2026-02-27,2026-02-28
None,Ferencvaros,HUN,1,1518.83679199,2026-02-27,2026-03-14
None,Estoril,POR,1,1518.54602051,2026-02-26,2026-02-27
None,Nordsjaelland,DEN,1,1517.81323242,2026-02-21,2026-03-01
None,Heidenheim,GER,1,1515.86022949,2026-02-27,2026-02-28
None,Stoke,ENG,2,1515.52453613,2026-02-27,2026-02-28
None,Leganes,ESP,2,1515.12792969,2026-02-27,2026-03-01
None,Mechelen,BEL,1,1514.18835449,2026-02-27,2026-02-28
None,Charleroi,BEL,1,1513.18444824,2026-02-27,2026-03-01
None,Birmingham,ENG,2,1513.17211914,2026-02-27,2026-03-02
None,Jagiellonia,POL,1,1512.75683594,2026-02-27,2026-03-01
None,Lech,POL,1,1512.49780273,2026-02-27,2026-03-01
None,Verona,ITA,1,1511.8347168,2026-02-27,2026-02-28
None,QPR,ENG,2,1510.71411133,2026-02-27,2026-02-28
None,Metz,FRA,1,1510.21630859,2026-02-27,2026-03-01
None,Saint-Etienne,FRA,2,1508.4934082,2026-02-27,2026-02-28
None,Hammarby,SWE,1,1507.85095215,2026-01-30,2026-03-14
None,Hannover,GER,2,1506.67138672,2026-02-27,2026-02-28
None,Salzburg,AUT,1,1506.01135254,2026-02-23,2026-03-01
None,Antwerp,BEL,1,1505.94006348,2026-02-27,2026-02-28
None,Pisa,ITA,1,1504.89367676,2026-02-27,2026-03-02
None,Dynamo Moskva,RUS,1,1504.17382812,2026-01-01,2026-03-14
None,Depor,ESP,2,1502.93249512,2026-02-27,2026-03-01
None,Jablonec,CZE,1,1502.78686523,2026-02-27,2026-02-28
None,Bochum,GER,2,1502.47253418,2026-02-27,2026-02-27
None,Portsmouth,ENG,2,1501.109375,2026-02-27,2026-02-28
None,Gent,BEL,1,1500.04516602,2026-02-27,2026-03-01
None,Bueyueksehir,TUR,1,1497.86376953,2026-02-27,2026-02-27
None,Larnaca,CYP,0,1496.9440918,2026-02-27,2026-03-14
None,Moreirense,POR,1,1496.33398438,2026-02-26,2026-03-01
None,Malaga,ESP,2,1495.96875,2026-02-27,2026-02-28
None,Cordoba,ESP,2,1491.3223877,2026-02-27,2026-03-14
None,Viborg,DEN,1,1491.28747559,2026-02-23,2026-03-01
None,Blackburn,ENG,2,1490.6809082,2026-02-27,2026-02-28
None,Granada,ESP,2,1489.78588867,2026-02-27,2026-02-28
None,Eibar,ESP,2,1489.64489746,2026-02-27,2026-03-01
None,Schalke,GER,2,1487.61804199,2026-02-27,2026-02-28
None,Utrecht,NED,1,1487.33654785,2026-02-27,2026-03-01
None,Westerlo,BEL,1,1483.85253906,2026-02-27,2026-03-01
None,Djurgarden,SWE,1,1482.56896973,2026-01-30,2026-03-14
None,Tromso,NOR,1,1482.47973633,2026-02-27,2026-03-14
None,Aris Limassol,CYP,0,1478.95800781,2026-02-27,2026-03-14
None,Catanzaro,ITA,2,1478.04968262,2026-02-27,2026-03-01
None,Baltika,RUS,1,1477.88574219,2026-01-01,2026-03-14
None,Gijon,ESP,2,1477.69555664,2026-02-27,2026-03-01
None,Burgos,ESP,2,1477.01806641,2026-02-27,2026-02-28
None,Charlton,ENG,2,1473.18237305,2026-02-27,2026-02-28
None,SonderjyskE,DEN,1,1471.73217773,2026-02-24,2026-03-01
None,Standard,BEL,1,1470.09973145,2026-02-27,2026-02-27
None,Hertha,GER,2,1469.86157227,2026-02-27,2026-03-01
None,Arouca,POR,1,1469.828125,2026-02-26,2026-02-27
None,Beer-Sheva,ISR,1,1468.04675293,2026-02-23,2026-03-01
None,Modena,ITA,2,1467.9017334,2026-02-27,2026-02-28
None,West Brom,ENG,2,1467.12487793,2026-02-27,2026-02-28
None,Dunkerque,FRA,2,1466.88574219,2026-02-27,2026-02-27
None,Cercle Brugge,BEL,1,1466.54711914,2026-02-27,2026-03-01
None,Molde,NOR,1,1466.40661621,2026-02-27,2026-03-14
None,Troyes,FRA,2,1466.32556152,2026-02-27,2026-03-02
None,Craiova,ROM,1,1466.27575684,2026-02-23,2026-02-28
None,Thun,SUI,1,1465.66931152,2026-02-27,2026-02-28
None,Hearts,SCO,1,1464.98022461,2026-02-27,2026-02-28
None,Goeztepe,TUR,1,1464.39526367,2026-02-27,2026-02-28
None,Lautern,GER,2,1464.32824707,2026-02-27,2026-02-28
None,Cadiz,ESP,2,1463.26696777,2026-02-27,2026-03-01
None,Slovan Liberec,CZE,1,1462.51623535,2026-02-27,2026-02-28
None,Sparta Rotterdam,NED,1,1460.5345459,2026-02-27,2026-02-28
None,Randers,DEN,1,1459.7635498,2026-02-23,2026-03-01
None,Rosenborg,NOR,1,1458.28430176,2026-02-27,2026-03-14
None,Omonia,CYP,0,1457.67956543,2026-02-27,2026-03-14
None,Albacete,ESP,2,1456.92321777,2026-02-27,2026-02-27
None,Empoli,ITA,2,1455.77539062,2026-02-27,2026-02-28
None,Holstein,GER,2,1452.99987793,2026-02-27,2026-02-28
None,Sturm Graz,AUT,1,1452.91064453,2026-02-23,2026-03-01
None,Ceuta,ESP,2,1451.03601074,2026-02-27,2026-03-14
None,Sociedad B,ESP,2,1450.43432617,2026-02-27,2026-03-01
None,Montpellier,FRA,2,1449.44567871,2026-02-27,2026-02-27
None,Basel,SUI,1,1448.97143555,2026-02-27,2026-03-01
None,Leuven,BEL,1,1448.95458984,2026-02-27,2026-02-28
None,Annecy,FRA,2,1447.69396973,2026-02-27,2026-02-27
None,Cracovia,POL,1,1446.43408203,2026-02-27,2026-02-27
None,Mirandes,ESP,2,1445.50683594,2026-02-27,2026-03-14
None,StGallen,SUI,1,1443.9921875,2026-02-27,2026-02-28
None,Heerenveen,NED,1,1443.4699707,2026-02-27,2026-02-28
None,Rodez,FRA,2,1443.07165527,2026-02-27,2026-02-28
None,Casa Pia,POR,1,1442.59057617,2026-02-26,2026-03-01
None,Oxford,ENG,2,1441.89660645,2026-02-27,2026-02-28
None,Pogon,POL,1,1441.6270752,2026-02-27,2026-02-28
None,Juve Stabia,ITA,2,1440.74731445,2026-02-27,2026-03-14
None,Razgrad,BUL,1,1440.6427002,2026-02-27,2026-03-02
None,Gyoer,HUN,1,1440.62451172,2026-02-27,2026-02-28
None,Steaua,ROM,1,1440.14355469,2026-02-24,2026-03-01
None,Lugano,SUI,1,1439.38684082,2026-02-27,2026-03-01
None,Santa Clara,POR,1,1438.72119141,2026-02-26,2026-03-01
None,Huesca,ESP,2,1437.96044922,2026-02-27,2026-02-28
None,Karlsruhe,GER,2,1437.65490723,2026-02-27,2026-03-01
None,Celje,SVN,1,1437.11853027,2026-02-27,2026-03-14
None,Sandefjord,NOR,1,1436.36804199,2026-02-27,2026-03-14
None,Nuernberg,GER,2,1436.21105957,2026-02-27,2026-03-01
None,Rostov,RUS,1,1435.17077637,2026-01-01,2026-03-14
None,Suedtirol,ITA,2,1434.25500488,2026-02-27,2026-02-28
None,Guingamp,FRA,2,1433.50756836,2026-02-27,2026-02-28
None,Duesseldorf,GER,2,1432.54321289,2026-02-27,2026-02-27
None,Fredrikstad,NOR,1,1432.26757812,2026-02-27,2026-03-14
None,Le Mans,FRA,2,1431.58105469,2026-02-27,2026-02-28
None,Levadeiakos,GRE,1,1431.32067871,2026-02-27,2026-02-28
None,CFR Cluj,ROM,1,1431.22729492,2026-02-22,2026-02-28
None,Samsunspor,TUR,1,1430.79663086,2026-02-27,2026-03-01
None,Malmoe,SWE,1,1430.48388672,2026-01-30,2026-03-14
None,Rubin Kazan,RUS,1,1430.16821289,2026-01-01,2026-03-14
None,Aris,GRE,1,1429.80236816,2026-02-27,2026-03-01
None,Levski,BUL,1,1429.6661377,2026-02-27,2026-03-01
None,Go Ahead Eagles,NED,1,1429.29016113,2026-02-27,2026-03-01
None,Rijeka,CRO,1,1428.51586914,2026-02-27,2026-03-01
None,Austria Wien,AUT,1,1428.31005859,2026-02-22,2026-03-01
None,Hajduk,CRO,1,1425.65234375,2026-02-27,2026-02-28
None,Gornik,POL,1,1424.95690918,2026-02-27,2026-02-28
None,Rio Ave,POR,1,1424.83532715,2026-02-26,2026-03-01
None,Lubin,POL,1,1423.91711426,2026-02-27,2026-03-02
None,Silkeborg,DEN,1,1423.50500488,2026-02-23,2026-03-01
None,Young Boys,SUI,1,1422.61462402,2026-02-27,2026-03-01
None,Dynamo Kyiv,UKR,1,1422.36474609,2026-02-21,2026-02-27
None,Legia,POL,1,1422.20117188,2026-02-27,2026-03-01
None,Nacional,POR,1,1422.16552734,2026-02-26,2026-02-28
None,Valladolid,ESP,2,1418.37963867,2026-02-27,2026-02-28
None,Hibernian,SCO,1,1418.31152344,2026-02-27,2026-02-28
None,Korona,POL,1,1417.34765625,2026-02-27,2026-02-28
None,M Tel Aviv,ISR,1,1417.34472656,2026-02-22,2026-02-28
None,Alverca,POR,1,1416.82543945,2026-02-26,2026-02-28
None,Radomiak,POL,1,1416.25256348,2026-02-27,2026-03-01
None,Piast Gliwice,POL,1,1414.81640625,2026-02-27,2026-02-27
None,LASK,AUT,1,1414.66943359,2026-02-23,2026-03-01
None,Hradec Kralove,CZE,1,1414.57678223,2026-02-27,2026-02-28
None,Sarpsborg,NOR,1,1413.28625488,2026-02-27,2026-03-14
None,Andorra CF,ESP,2,1412.29846191,2026-02-27,2026-03-14
None,Spezia,ITA,2,1410.3503418,2026-02-27,2026-02-28
None,Motherwell,SCO,1,1409.87084961,2026-02-27,2026-02-28
None,Sampdoria,ITA,2,1409.57055664,2026-02-27,2026-02-27
None,Odense,DEN,1,1408.60852051,2026-02-22,2026-03-01
None,Magdeburg,GER,2,1407.99902344,2026-02-27,2026-03-01
None,GAIS,SWE,1,1407.73730469,2026-01-30,2026-03-14
None,Red Star,FRA,2,1407.71765137,2026-02-27,2026-02-28
None,Alanyaspor,TUR,1,1406.89611816,2026-02-27,2026-02-28
None,Zwolle,NED,1,1405.86462402,2026-02-27,2026-03-01
None,Estrela Amadora,POR,1,1400.81921387,2026-02-26,2026-02-28
None,Sittard,NED,1,1399.62805176,2026-02-27,2026-02-28
None,Katowice,POL,1,1399.51965332,2026-02-27,2026-02-28
None,Luzern,SUI,1,1398.84899902,2026-02-27,2026-02-28
None,Goeteborg,SWE,1,1398.76123047,2026-01-30,2026-03-14
None,Groningen,NED,1,1398.19055176,2026-02-27,2026-03-01
None,Lechia,POL,1,1396.72802734,2026-02-27,2026-02-27
None,Tondela,POR,1,1396.41674805,2026-02-26,2026-03-01
None,Servette,SUI,1,1396.30175781,2026-02-27,2026-02-28
None,Sion,SUI,1,1396.18200684,2026-02-27,2026-02-28
None,Maccabi Haifa,ISR,1,1396.15612793,2026-02-22,2026-03-14
None,Sigma Olomouc,CZE,1,1393.92053223,2026-02-27,2026-03-01
None,Ham-Kam,NOR,1,1393.65551758,2026-02-27,2026-03-14
None,AIK,SWE,1,1393.45727539,2026-01-30,2026-03-14
None,Pau,FRA,2,1393.28198242,2026-02-27,2026-02-28
None,Rizespor,TUR,1,1392.86071777,2026-02-27,2026-02-28
None,Zaragoza,ESP,2,1392.55273438,2026-02-27,2026-02-28
None,Cesena,ITA,2,1392.50134277,2026-02-27,2026-02-28
None,Universitatea Cluj,ROM,1,1392.08129883,2026-02-21,2026-02-27
None,Zulte Waregem,BEL,1,1391.65490723,2026-02-27,2026-02-28
None,Banik Ostrava,CZE,1,1391.41699219,2026-02-27,2026-02-28
None,Carrarese,ITA,2,1390.9954834,2026-02-27,2026-03-01
None,Grenoble,FRA,2,1389.99499512,2026-02-27,2026-02-27
None,Bielefeld,GER,2,1389.98474121,2026-02-27,2026-02-28
None,Leonesa,ESP,2,1389.37695312,2026-02-27,2026-03-14
None,Muenster,GER,2,1388.82104492,2026-02-27,2026-03-01
None,Lausanne,SUI,1,1388.61352539,2026-02-27,2026-03-01
None,IK Sirius,SWE,1,1388.53955078,2026-01-30,2026-03-14
None,Terek Grozny,RUS,1,1387.9239502,2026-01-01,2026-03-14
None,Rapid Bucuresti,ROM,1,1386.82189941,2026-02-22,2026-03-02
None,Wolfsberg,AUT,1,1386.53796387,2026-02-22,2026-03-01
None,Valerenga,NOR,1,1384.49084473,2026-02-27,2026-03-14
None,Puskas Akademia,HUN,1,1384.40039062,2026-02-27,2026-03-01
None,Beitar,ISR,1,1384.28881836,2026-02-24,2026-02-28
None,Konyaspor,TUR,1,1383.15661621,2026-02-27,2026-02-27
None,KFUM Oslo,NOR,1,1382.02526855,2026-02-27,2026-03-14
None,Kasimpasa,TUR,1,1381.46252441,2026-02-27,2026-02-28
None,Hartberg,AUT,1,1381.4375,2026-02-22,2026-03-01
None,Clermont,FRA,2,1381.11120605,2026-02-27,2026-02-27
None,Plock,POL,1,1380.6706543,2026-02-27,2026-03-02
None,Paksi,HUN,1,1380.14416504,2026-02-27,2026-02-28
None,Kryliya Sovetov,RUS,1,1378.48657227,2026-01-01,2026-03-14
None,Kocaelispor,TUR,1,1378.37585449,2026-02-27,2026-02-28
None,Bastia,FRA,2,1378.05810547,2026-02-27,2026-02-27
None,Dinamo Bucuresti,ROM,1,1376.66040039,2026-02-22,2026-03-14
None,Elfsborg,SWE,1,1375.86462402,2026-01-30,2026-03-14
None,Gaziantep FK,TUR,1,1375.82592773,2026-02-27,2026-03-01
None,Akron Togliatti,RUS,1,1374.86291504,2026-01-01,2026-03-14
None,CSKA Sofia,BUL,1,1374.35852051,2026-02-27,2026-02-28
None,Motor Lublin,POL,1,1373.8293457,2026-02-27,2026-02-28
None,RAAL,BEL,1,1373.77185059,2026-02-27,2026-02-27
None,Dender,BEL,1,1372.48693848,2026-02-27,2026-03-01
None,Partizan,SRB,1,1371.64379883,2026-02-27,2026-02-28
None,Maribor,SVN,1,1369.2286377,2026-02-27,2026-02-28
None,Haecken,SWE,1,1368.21459961,2026-01-30,2026-03-14
None,Fredericia,DEN,1,1367.68408203,2026-02-23,2026-03-01
None,Polissya Zhytomyr,UKR,1,1366.5559082,2026-02-23,2026-02-28
None,Slovan Bratislava,SLK,0,1366.51843262,2026-01-01,2026-03-14
None,Reggiana,ITA,2,1364.63720703,2026-02-27,2026-02-28
None,Braunschweig,GER,2,1363.87792969,2026-02-27,2026-03-01
None,Atromitos,GRE,1,1363.16894531,2026-02-27,2026-02-28
None,Karvina,CZE,1,1363.12158203,2026-02-27,2026-03-01
None,Padova,ITA,2,1362.93249512,2026-02-27,2026-02-28
None,Widzew,POL,1,1361.93847656,2026-02-27,2026-02-28
None,Mantova,ITA,2,1360.21044922,2026-02-27,2026-03-01
None,Fuerth,GER,2,1360.21020508,2026-02-27,2026-02-28
None,Eyupspor,TUR,1,1359.60046387,2026-02-27,2026-02-28
None,Boulogne,FRA,2,1357.99462891,2026-02-27,2026-02-27
None,Rapid Wien,AUT,1,1356.9473877,2026-02-22,2026-03-01
None,Dresden,GER,2,1356.17944336,2026-02-27,2026-02-27
None,Bari,ITA,2,1353.95898438,2026-02-27,2026-02-27
None,Lok Zagreb,CRO,1,1352.66113281,2026-02-27,2026-03-01
None,Teplice,CZE,1,1352.15771484,2026-02-27,2026-02-28
None,FK Astana,KAZ,0,1351.5925293,2026-01-29,2026-03-14
None,Vejle,DEN,1,1351.29284668,2026-02-21,2026-03-01
None,Kayseri,TUR,1,1350.82373047,2026-02-27,2026-03-01
None,Laval,FRA,2,1350.00842285,2026-02-27,2026-02-27
None,Sheffield Weds,ENG,2,1349.18029785,2026-02-27,2026-02-28
None,Entella,ITA,2,1348.68969727,2026-02-27,2026-02-27
None,Avellino,ITA,2,1346.51269531,2026-02-27,2026-03-14
None,Zalaegerszegi,HUN,1,1345.51025391,2026-02-27,2026-02-28
None,Zuerich,SUI,1,1345.29833984,2026-02-27,2026-03-01
None,Genclerbirligi,TUR,1,1345.04003906,2026-02-27,2026-03-01
None,Excelsior,NED,1,1344.58935547,2026-02-27,2026-03-01
None,Debrecen,HUN,1,1343.99194336,2026-02-27,2026-02-27
None,Amiens,FRA,2,1343.56762695,2026-02-27,2026-03-02
None,Volendam,NED,1,1343.04821777,2026-02-27,2026-03-01
None,Antalyaspor,TUR,1,1342.26940918,2026-02-27,2026-03-01
None,Nancy,FRA,2,1341.57800293,2026-02-27,2026-02-27
None,Kristiansund,NOR,1,1340.46166992,2026-02-27,2026-03-14
None,Sheriff Tiraspol,MOL,0,1337.35595703,2026-01-01,2026-03-14
None,Varazdin,CRO,1,1337.3104248,2026-02-27,2026-02-28
None,Otelul Galati,ROM,1,1335.87255859,2026-02-21,2026-02-27
None,Mlada Boleslav,CZE,1,1335.67126465,2026-02-27,2026-02-28
None,Bryne,NOR,1,1334.55310059,2026-02-27,2026-03-14
None,Trnava,SLK,0,1333.72814941,2026-01-01,2026-03-14
None,Zilina,SLK,0,1333.45056152,2026-01-01,2026-03-14
None,Olimpija Ljubljana,SVN,1,1332.96813965,2026-02-27,2026-02-28
None,Dynamo Makhachkala,RUS,1,1331.1953125,2026-01-01,2026-03-14
None,OFI,GRE,1,1330.6619873,2026-02-27,2026-02-28
None,Arka,POL,1,1330.60961914,2026-02-27,2026-02-27
None,Koper,SVN,1,1328.71166992,2026-02-27,2026-03-14
None,Istra 1961,CRO,1,1328.68933105,2026-02-27,2026-02-27
None,Bohemians Praha,CZE,1,1328.42712402,2026-02-27,2026-03-01
None,Breda,NED,1,1327.23535156,2026-02-27,2026-02-27
None,Viitorul,ROM,1,1326.55065918,2026-02-23,2026-02-28
None,AVS Futebol,POR,1,1325.18469238,2026-02-26,2026-02-28
None,Orenburg,RUS,1,1324.97106934,2026-01-01,2026-03-14
None,Kosice,SLK,0,1324.39257812,2026-01-01,2026-03-14
None,Telstar,NED,1,1324.22265625,2026-02-27,2026-02-27
None,Heracles,NED,1,1323.00756836,2026-02-27,2026-02-28
None,Nieciecza,POL,1,1320.80749512,2026-02-27,2026-03-01
None,Nizhny Novgorod,RUS,1,1320.17346191,2026-01-01,2026-03-14
None,Zira,AZE,0,1319.08630371,2026-02-25,2026-03-14
None,Grasshoppers,SUI,1,1317.6739502,2026-02-27,2026-03-01
None,Panetolikos,GRE,1,1315.65783691,2026-02-27,2026-02-28
None,Slovacko,CZE,1,1315.46313477,2026-02-27,2026-03-01
None,Pescara,ITA,2,1313.93640137,2026-02-27,2026-03-01
None,Pardubice,CZE,1,1313.36938477,2026-02-27,2026-02-28
None,Nakchivan,AZE,0,1313.20251465,2026-02-25,2026-03-14
None,Shamrock,IRL,0,1313.01416016,2026-01-01,2026-03-14
None,Cherno More,BUL,1,1311.98718262,2026-02-27,2026-02-28
None,Sabah,AZE,0,1311.19030762,2026-02-25,2026-03-14
None,Sochi,RUS,1,1310.33447266,2026-01-01,2026-03-14
None,Tescoma Zlin,CZE,1,1309.31958008,2026-02-27,2026-03-01
None,Ried,AUT,1,1308.90600586,2026-02-23,2026-03-01
None,UTA Arad,ROM,1,1308.8972168,2026-02-21,2026-03-01
None,Altach,AUT,1,1308.86608887,2026-02-22,2026-03-01
None,Osijek,CRO,1,1308.27990723,2026-02-27,2026-02-28
None,Botosani,ROM,1,1305.6340332,2026-02-21,2026-02-27
None,Slaven Belupo,CRO,1,1304.03381348,2026-02-27,2026-02-27
None,H Tel Aviv,ISR,1,1301.25292969,2026-02-22,2026-03-14
None,Kryvbas,UKR,1,1300.54980469,2026-02-22,2026-03-01
None,Wattens,AUT,1,1299.36694336,2026-02-23,2026-03-01
None,Kuopio,FIN,0,1296.51391602,2026-02-27,2026-03-14
None,Asteras Tripolis,GRE,1,1294.89294434,2026-02-27,2026-03-01
None,Stromsgodset,NOR,1,1294.39587402,2026-02-27,2026-03-14
None,Kairat,KAZ,0,1294.38879395,2026-01-29,2026-03-14
None,Noah,ARM,0,1294.14245605,2026-02-27,2026-03-14
None,Halmstad,SWE,1,1288.73706055,2026-01-30,2026-03-14
None,NFC Volos,GRE,1,1288.22619629,2026-02-27,2026-03-01
None,Brommapojkarna,SWE,1,1287.82531738,2026-01-30,2026-03-14
None,LNZ,UKR,1,1286.89562988,2026-02-22,2026-02-28
None,Pyunik,ARM,0,1286.7109375,2026-02-27,2026-03-14
None,Arges Pitesti,ROM,1,1285.8762207,2026-02-23,2026-03-14
None,Metalist 1925,UKR,1,1285.39562988,2026-02-22,2026-02-28
None,Diosgyori,HUN,1,1285.34741211,2026-02-27,2026-02-28
None,Vikingur,ISL,0,1285.12316895,2026-01-01,2026-03-14
None,Fatih Karaguemruek,TUR,1,1284.86071777,2026-02-27,2026-02-27
None,Dundee United,SCO,1,1284.74450684,2026-02-27,2026-02-28
None,FK Riga,LAT,0,1283.32727051,2026-01-01,2026-03-14
None,HNK Gorica,CRO,1,1283.0703125,2026-02-27,2026-03-01
None,Zrinjski Mostar,BHZ,0,1283.0456543,2026-02-27,2026-03-14
None,Kifisias,GRE,1,1281.52746582,2026-02-27,2026-02-28
None,Vaduz,LIE,0,1280.60302734,2026-02-27,2026-03-14
None,Novi Sad,SRB,1,1280.21008301,2026-02-27,2026-02-28
None,Norrkoeping,SWE,1,1279.9152832,2026-01-30,2026-03-14
None,Ujpest,HUN,1,1279.19018555,2026-02-27,2026-02-28
None,Kolos,UKR,1,1279.11645508,2026-02-23,2026-03-01
None,St Patricks,IRL,0,1278.34521484,2026-01-01,2026-03-14
None,Falkirk,SCO,1,1276.64575195,2026-02-27,2026-02-28
None,Kisvarda,HUN,1,1272.18530273,2026-02-27,2026-02-28
None,Aberdeen,SCO,1,1269.20166016,2026-02-27,2026-02-28
None,Larisa,GRE,1,1269.00842285,2026-02-27,2026-02-28
None,Aarau,SUI,1,1267.46691895,2026-02-27,2026-03-14
None,Nyiregyhaza,HUN,1,1266.84936523,2026-02-27,2026-03-01
None,Petrolul Ploiesti,ROM,1,1266.67150879,2026-02-22,2026-03-01
None,MTK,HUN,1,1264.52172852,2026-02-27,2026-02-27
None,Dukla,CZE,1,1262.2434082,2026-02-27,2026-02-27
None,GAK,AUT,1,1261.1953125,2026-02-22,2026-03-01
None,St Mirren,SCO,1,1260.79431152,2026-02-27,2026-02-28
None,Degerfors,SWE,1,1258.81469727,2026-01-30,2026-03-14
None,BW Linz,AUT,1,1258.54833984,2026-02-23,2026-03-01
None,Netanya,ISR,1,1257.48181152,2026-02-24,2026-02-28
None,Arda,BUL,1,1257.46618652,2026-02-27,2026-02-27
None,Dundee,SCO,1,1256.22558594,2026-02-27,2026-02-28
None,Zorya,UKR,1,1254.03918457,2026-02-24,2026-03-01
None,Karpaty,UKR,1,1253.72790527,2026-02-23,2026-03-01
None,Kilmarnock,SCO,1,1253.23632812,2026-02-27,2026-02-28
None,Bnei Sakhinin,ISR,1,1252.53967285,2026-02-22,2026-02-28
None,Hapoel Haifa,ISR,1,1249.60583496,2026-02-23,2026-02-28
None,Rukh Lviv,UKR,1,1248.19104004,2026-02-21,2026-03-01
None,Hapoel Jerusalem,ISR,1,1247.87011719,2026-02-22,2026-02-28
None,HJK Helsinki,FIN,0,1246.64978027,2026-02-27,2026-03-14
None,Ararat,ARM,0,1246.33862305,2026-02-27,2026-03-14
None,Oester,SWE,1,1243.93029785,2026-01-30,2026-03-14
None,CSKA 1948 Sofia,BUL,1,1243.48449707,2026-02-27,2026-02-27
None,Aktobe,KAZ,0,1243.37133789,2026-01-29,2026-03-14
None,Drita,KOS,0,1242.50073242,2026-02-27,2026-03-14
None,Varnamo,SWE,1,1241.79418945,2026-01-30,2026-03-14
None,Olexandriya,UKR,1,1241.26672363,2026-02-24,2026-02-28
None,Shelbourne,IRL,0,1240.87072754,2026-01-01,2026-03-14
None,Winterthur,SUI,1,1239.98779297,2026-02-27,2026-02-28
None,H Petach Tikva,ISR,1,1237.6361084,2026-02-22,2026-03-01
None,Novi Pazar,SRB,1,1234.51293945,2026-02-27,2026-02-28
None,Derry City,IRL,0,1233.97888184,2026-01-01,2026-03-14
None,Breidablik,ISL,0,1231.23120117,2026-01-01,2026-03-14
None,Bravo,SVN,1,1229.54589844,2026-02-27,2026-03-14
None,Haugesund,NOR,1,1228.6829834,2026-02-27,2026-03-14
None,Csikszereda,ROM,1,1228.48535156,2026-02-24,2026-03-01
None,Veres,UKR,1,1227.46740723,2026-02-21,2026-02-27
None,Shkendija,MAC,0,1226.55505371,2026-02-27,2026-03-14
None,RFS,LAT,0,1221.79467773,2026-01-01,2026-03-14
None,Panserraikos,GRE,1,1219.22973633,2026-02-27,2026-03-01
None,Zeljeznicar,BHZ,0,1217.75280762,2026-02-27,2026-03-14
None,Valur,ISL,0,1211.37255859,2026-01-01,2026-03-14
None,Hermannstadt,ROM,1,1211.29284668,2026-02-24,2026-02-27
None,FK Sarajevo,BHZ,0,1211.23156738,2026-02-27,2026-03-14
None,Radomlje,SVN,1,1211.18579102,2026-02-27,2026-02-28
None,Borac Banja Luka,BHZ,0,1210.83239746,2026-02-27,2026-03-14
None,Lok Plovdiv,BUL,1,1209.00439453,2026-02-27,2026-03-02
None,Backa Topola,SRB,1,1205.43945312,2026-02-27,2026-02-28
None,Ilves Tampere,FIN,0,1205.37280273,2026-02-27,2026-03-14
None,Ironi Tiberias,ISR,1,1203.10852051,2026-02-22,2026-02-28
None,Dinamo Minsk,BLR,0,1202.69592285,2026-01-01,2026-03-14
None,Ordabasy,KAZ,0,1202.21813965,2026-01-29,2026-03-14
None,Zeleznicar Pancevo,SRB,1,1201.59777832,2026-02-27,2026-02-28
None,Akureyri,ISL,0,1199.48815918,2026-01-01,2026-03-14
None,Botev Plovdiv,BUL,1,1196.58569336,2026-02-27,2026-02-27
None,Slavia Sofia,BUL,1,1196.46166992,2026-02-27,2026-02-27
None,Lok Sofia,BUL,1,1195.37841797,2026-02-27,2026-03-01
None,Obolon Kyiv,UKR,1,1193.60009766,2026-02-24,2026-03-01
None,Ashdod,ISR,1,1191.39221191,2026-02-22,2026-02-28
None,Kragujevac,SRB,1,1190.85205078,2026-02-27,2026-03-01
None,Klaksvik,FAR,0,1189.47143555,2026-01-01,2026-03-14
None,Unirea Slobozia,ROM,1,1187.34289551,2026-02-23,2026-03-02
None,Cukaricki,SRB,1,1185.5267334,2026-02-27,2026-02-28
None,Kazincbarcika,HUN,1,1185.18273926,2026-02-27,2026-03-14
None,Ballkani,KOS,0,1185.13781738,2026-02-27,2026-03-14
None,Dinamo Tirana,ALB,0,1183.72375488,2026-01-01,2026-03-14
None,Seinajoki,FIN,0,1183.17419434,2026-02-27,2026-03-14
None,Kiryat Shmona,ISR,1,1182.23449707,2026-02-22,2026-02-28
None,Banants,ARM,0,1179.43408203,2026-02-27,2026-03-14
None,Auda,LAT,0,1179.07116699,2026-01-01,2026-03-14
None,Neman Grodno,BLR,0,1179.02661133,2026-01-01,2026-03-14
None,Daugavpils,LAT,0,1171.93493652,2026-01-01,2026-03-14
None,OFK,SRB,1,1169.36535645,2026-02-27,2026-02-28
None,Aluminij,SVN,1,1167.86376953,2026-02-27,2026-03-14
None,Zalgiris Vilnius,LIT,0,1167.50354004,2026-01-01,2026-03-14
None,Torpedo Kutaisi,GEO,0,1159.65441895,2026-01-01,2026-03-14
None,Petrocub,MOL,0,1159.45910645,2026-01-01,2026-03-14
None,Partizani Tirana,ALB,0,1158.83312988,2026-01-01,2026-03-14
None,Egnatia,ALB,0,1157.89318848,2026-01-01,2026-03-14
None,Livingston,SCO,1,1153.83117676,2026-02-27,2026-02-28
None,FC Spaeri,GEO,0,1150.32836914,2026-01-01,2026-03-14
None,Dila Gori,GEO,0,1149.45703125,2026-01-01,2026-03-14
None,Saburtalo,GEO,0,1149.44433594,2026-01-01,2026-03-14
None,Botev Vratsa,BUL,1,1148.10058594,2026-02-27,2026-02-28
None,Vukovar,CRO,1,1145.96887207,2026-02-27,2026-02-28
None,Vllaznia,ALB,0,1145.86279297,2026-01-01,2026-03-14
None,Primorje,SVN,1,1144.36779785,2026-02-27,2026-02-28
None,Mura,SVN,1,1143.73400879,2026-02-27,2026-03-14
None,Nis,SRB,1,1139.9753418,2026-02-27,2026-03-01
None,Metaloglobus,ROM,1,1136.71081543,2026-02-24,2026-02-28
None,Beroe Stara Zagora,BUL,1,1133.32189941,2026-02-27,2026-02-28
None,Spartak Varna,BUL,1,1132.00695801,2026-02-27,2026-02-27
None,Kauno Zalgiris,LIT,0,1131.27331543,2026-01-01,2026-03-14
None,Mladost Lucani,SRB,1,1131.25048828,2026-02-27,2026-02-28
None,Radnik Surdulica,SRB,1,1130.42089844,2026-02-27,2026-03-02
None,Flora Tallinn,EST,0,1130.34924316,2026-01-01,2026-03-14
None,Kudrivka,UKR,1,1128.97753906,2026-02-24,2026-03-14
None,IMT,SRB,1,1128.44384766,2026-02-27,2026-03-02
None,Levski Krumovgrad,BUL,1,1127.7421875,2026-02-27,2026-03-14
None,Dinamo Brest,BLR,0,1124.85290527,2026-01-01,2026-03-14
None,Episentr,UKR,1,1121.98901367,2026-02-22,2026-02-27
None,Zimbru,MOL,0,1121.74816895,2026-01-01,2026-03-14
None,Domzale,SVN,1,1117.75744629,2026-02-27,2026-03-14
None,Hamrun,MLT,0,1116.77966309,2026-01-01,2026-03-14
None,Maccabi Bnei Raina,ISR,1,1116.29064941,2026-02-22,2026-02-28
None,Linfield,NIR,0,1112.89941406,2026-01-01,2026-03-14
None,Banga,LIT,0,1112.11181641,2026-01-01,2026-03-14
None,Torpedo Zhodino,BLR,0,1109.97851562,2026-01-01,2026-03-14
None,Milsami Orhei,MOL,0,1106.4597168,2026-01-01,2026-03-14
None,Hegelmann,LIT,0,1105.8293457,2026-01-01,2026-03-14
None,Vardar,MAC,0,1099.73193359,2026-02-27,2026-03-14
None,Septemvri Sofia,BUL,1,1099.28930664,2026-02-27,2026-02-28
None,Ivanjica,SRB,1,1098.96862793,2026-02-27,2026-03-01
None,Decic,MNT,0,1098.27709961,2026-01-01,2026-03-14
None,Sileks,MAC,0,1091.06103516,2026-02-27,2026-03-14
None,Zlatibor,SRB,1,1087.24365234,2026-02-27,2026-03-01
None,SK Poltava,UKR,1,1086.69482422,2026-02-21,2026-03-14
None,Paide Linnameeskond,EST,0,1082.51757812,2026-01-01,2026-03-14
None,Sutjeska,MNT,0,1082.15710449,2026-01-01,2026-03-14
None,Rabotnicki,MAC,0,1081.38427734,2026-02-27,2026-03-14
None,Prishtine,KOS,0,1080.05285645,2026-02-27,2026-03-14
None,Dobrudzha,BUL,1,1072.89050293,2026-02-27,2026-02-28
None,Nomme Kalju,EST,0,1067.46813965,2026-01-01,2026-03-14
None,The New Saints,WAL,0,1066.42773438,2026-01-01,2026-03-14
None,Lincoln,GIB,0,1065.0925293,2026-01-01,2026-03-14
None,Differdang,LUX,0,1064.40576172,2026-01-01,2026-03-14
None,Floriana,MLT,0,1063.39428711,2026-01-01,2026-03-14
None,Larne,NIR,0,1059.32751465,2026-01-01,2026-03-14
None,R Letzebuerg,LUX,0,1055.80249023,2026-01-01,2026-03-14
None,Hibernians Paola,MLT,0,1055.26086426,2026-01-01,2026-03-14
None,Blagoevgrad,BUL,1,1053.63269043,2026-02-27,2026-03-14
None,Malisheva,KOS,0,1053.15771484,2026-02-27,2026-03-14
None,Dungannon,NIR,0,1052.24328613,2026-01-01,2026-03-14
None,Birkirkara,MLT,0,1050.81774902,2026-01-01,2026-03-14
None,FC Infonet,EST,0,1050.10693359,2026-01-01,2026-03-14
None,HB Torshavn,FAR,0,1050.02612305,2026-01-01,2026-03-14
None,Una Strassen,LUX,0,1047.8717041,2026-01-01,2026-03-14
None,Montana 1921,BUL,1,1047.68017578,2026-02-27,2026-02-27
None,Runavik,FAR,0,1039.27258301,2026-01-01,2026-03-14
None,Hebar,BUL,1,1036.60644531,2026-02-27,2026-03-14
None,Dudelange,LUX,0,1035.68383789,2026-01-01,2026-03-14
None,Podgorica,MNT,0,1034.60522461,2026-01-01,2026-03-14
None,Gota,FAR,0,1033.25927734,2026-01-01,2026-03-14
None,Cliftonville,NIR,0,1032.94494629,2026-01-01,2026-03-14
None,Krusevac,SRB,1,1029.72399902,2026-02-27,2026-03-01
None,Escaldes,AND,0,1002.06817627,2026-01-01,2026-03-14
None,Penybont,WAL,0,988.081848145,2026-01-01,2026-03-14
None,Haverfordwest,WAL,0,985.360229492,2026-01-01,2026-03-14
None,St Josephs,GIB,0,968.097106934,2026-01-01,2026-03-14
None,Santa Coloma,AND,0,954.305236816,2026-01-01,2026-03-14
None,Atletic Club Escaldes,AND,0,944.222595215,2026-01-01,2026-03-14
None,FCB Magpies,GIB,0,935.020629883,2026-01-01,2026-03-14
None,SS Virtus,SMR,0,767.627746582,2026-01-01,2026-03-14
None,Tre Fiori,SMR,0,736.193237305,2026-01-01,2026-03-14
None,La Fiorita,SMR,0,716.190124512,2026-01-01,2026-03-14


