"reported_name","canonical_name","status","confidence","candidate_url","source_page"
"AC Sparta Praha","Sparta Prague","candidate","high","https://r2.thesportsdb.com/images/media/team/badge/j00qct1718287150.png","https://www.thesportsdb.com/api/v1/json/3/lookupteam.php?id=134007"
"Accrington Stanley","Accrington Stanley","candidate","high","https://r2.thesportsdb.com/images/media/team/badge/1moddl1770786523.png","https://www.thesportsdb.com/api/v1/json/3/lookupteam.php?id=134368"
"AD Ceuta","Ceuta","candidate","high","https://r2.thesportsdb.com/images/media/team/badge/ja7sl51677475273.png","https://www.thesportsdb.com/api/v1/json/3/lookupteam.php?id=144243"
"AFC Totton","AFC Totton","candidate","high","https://r2.thesportsdb.com/images/media/team/badge/ljp1701685168768.png","https://www.thesportsdb.com/api/v1/json/3/lookupteam.php?id=145168"
"AGF","AGF Aarhus","candidate","high","https://r2.thesportsdb.com/images/media/team/badge/vxuuts1473535487.png","https://www.thesportsdb.com/api/v1/json/3/lookupteam.php?id=133899"
"Airdrieonians","Airdrieonians","candidate","high","https://r2.thesportsdb.com/images/media/team/badge/cyx2rk1589996271.png","https://www.thesportsdb.com/api/v1/json/3/lookupteam.php?id=137821"
"Albacete","Albacete","candidate","high","https://r2.thesportsdb.com/images/media/team/badge/17oqja1616436316.png","https://www.thesportsdb.com/api/v1/json/3/lookupteam.php?id=134232"
"Albacete Balompié","Albacete","duplicate-alias","high","https://r2.thesportsdb.com/images/media/team/badge/17oqja1616436316.png","https://www.thesportsdb.com/api/v1/json/3/lookupteam.php?id=134232"
"Albirex Niigata","Albirex Niigata","candidate","high","https://r2.thesportsdb.com/images/media/team/badge/l16fvz1590070788.png","https://www.thesportsdb.com/api/v1/json/3/lookupteam.php?id=139881"
"Aldershot Town","Aldershot Town","candidate","high","https://r2.thesportsdb.com/images/media/team/badge/0ai9i31694237091.png","https://www.thesportsdb.com/api/v1/json/3/lookupteam.php?id=134401"
"Altrincham FC","Altrincham","candidate","high","https://r2.thesportsdb.com/images/media/team/badge/j103791655904826.png","https://www.thesportsdb.com/api/v1/json/3/lookupteam.php?id=135959"
"Antequera","Antequera","candidate","high","https://r2.thesportsdb.com/images/media/team/badge/f7brqy1721094011.png","https://www.thesportsdb.com/api/v1/json/3/lookupteam.php?id=144237"
"Arenas Club","Arenas Club","candidate","high","https://r2.thesportsdb.com/images/media/team/badge/1uvr7x1579897294.png","https://www.thesportsdb.com/api/v1/json/3/lookupteam.php?id=138250"
"Atert Bissen","Atert Bissen","candidate","high","https://r2.thesportsdb.com/images/media/team/badge/bcpfwg1751837534.png","https://www.thesportsdb.com/api/v1/json/3/lookupteam.php?id=152523"
"Athletico Paranaense","Athletico Paranaense","candidate","high","https://r2.thesportsdb.com/images/media/team/badge/irzu1u1554237406.png","https://www.thesportsdb.com/api/v1/json/3/lookupteam.php?id=134297"
"Atlètic Lleida","Atlètic Lleida","candidate","high","https://r2.thesportsdb.com/images/media/team/badge/e0h0vp1734758676.png","https://www.thesportsdb.com/api/v1/json/3/lookupteam.php?id=150324"
"Atlètic Sant Just","Atlètic Sant Just","candidate","high","https://r2.thesportsdb.com/images/media/team/badge/883qgo1759033139.png","https://www.thesportsdb.com/api/v1/json/3/lookupteam.php?id=153386"
"Atlético Astorga","Atlético Astorga","candidate","high","https://r2.thesportsdb.com/images/media/team/badge/dfws231735013847.png","https://www.thesportsdb.com/api/v1/json/3/lookupteam.php?id=150365"
"Atlético Calatayud","Atlético Calatayud","candidate","high","https://r2.thesportsdb.com/images/media/team/badge/swagpw1759033603.png","https://www.thesportsdb.com/api/v1/json/3/lookupteam.php?id=153377"
"Atletico Melilla CF","Atlético Melilla","candidate","high","https://r2.thesportsdb.com/images/media/team/badge/w46lam1759033912.png","https://www.thesportsdb.com/api/v1/json/3/lookupteam.php?id=153364"
"Atlético Mineiro","Atlético Mineiro","candidate","high","https://r2.thesportsdb.com/images/media/team/badge/x5lixs1743742872.png","https://www.thesportsdb.com/api/v1/json/3/lookupteam.php?id=134299"
"Atlético Palma del Río","Atlético Palma del Río","candidate","high","https://r2.thesportsdb.com/images/media/team/badge/3kecuq1759034181.png","https://www.thesportsdb.com/api/v1/json/3/lookupteam.php?id=153383"
"Atlético Tordesillas","Atlético Tordesillas","candidate","high","https://r2.thesportsdb.com/images/media/team/badge/1bq3yt1735014628.png","https://www.thesportsdb.com/api/v1/json/3/lookupteam.php?id=150367"
"Ayr United","Ayr United","candidate","high","https://r2.thesportsdb.com/images/media/team/badge/y0v21n1627844501.png","https://www.thesportsdb.com/api/v1/json/3/lookupteam.php?id=134135"
"Bahia","Bahia","candidate","high","https://r2.thesportsdb.com/images/media/team/badge/xuvtsv1473539308.png","https://www.thesportsdb.com/api/v1/json/3/lookupteam.php?id=134293"
"Baník Ostrava","Baník Ostrava","candidate","high","https://r2.thesportsdb.com/images/media/team/badge/y1pij41691419087.png","https://www.thesportsdb.com/api/v1/json/3/lookupteam.php?id=136684"
"Betis C.F.","Real Betis","candidate","high","https://r2.thesportsdb.com/images/media/team/badge/2oqulv1663245386.png","https://www.thesportsdb.com/api/v1/json/3/lookupteam.php?id=133722"
"Blau-Weiß Linz","FC Blau-Weiß Linz","candidate","high","https://upload.wikimedia.org/wikipedia/commons/5/59/FC_Blau-Wei%C3%9F_Linz_%28logo%29.svg","https://commons.wikimedia.org/wiki/File:FC_Blau-Wei%C3%9F_Linz_%28logo%29.svg"
"Boreham Wood","Boreham Wood","candidate","high","https://r2.thesportsdb.com/images/media/team/badge/8h5d4s1512067942.png","https://www.thesportsdb.com/api/v1/json/3/lookupteam.php?id=135968"
"Botafogo","Botafogo","candidate","high","https://r2.thesportsdb.com/images/media/team/badge/bs5mbw1733004596.png","https://www.thesportsdb.com/api/v1/json/3/lookupteam.php?id=134285"
"Brackley Town","Brackley Town","candidate","high","https://r2.thesportsdb.com/images/media/team/badge/qb7aha1512068030.png","https://www.thesportsdb.com/api/v1/json/3/lookupteam.php?id=135966"
"Braintree Town","Braintree Town","candidate","high","https://r2.thesportsdb.com/images/media/team/badge/08f7ss1512142657.png","https://www.thesportsdb.com/api/v1/json/3/lookupteam.php?id=135967"
"Breidablik Kópavogur","Breiðablik","candidate","high","https://r2.thesportsdb.com/images/media/team/badge/fkbtng1512142899.png","https://www.thesportsdb.com/api/v1/json/3/lookupteam.php?id=134347"
"BSC Young Boys","Young Boys","candidate","high","https://r2.thesportsdb.com/images/media/team/badge/9mxdoo1534784569.png","https://www.thesportsdb.com/api/v1/json/3/lookupteam.php?id=134001"
"Burgos","Burgos","candidate","high","https://r2.thesportsdb.com/images/media/team/badge/79h3ul1708150894.png","https://www.thesportsdb.com/api/v1/json/3/lookupteam.php?id=138161"
"Burgos Club de Fútbol","Burgos","duplicate-alias","high","https://r2.thesportsdb.com/images/media/team/badge/79h3ul1708150894.png","https://www.thesportsdb.com/api/v1/json/3/lookupteam.php?id=138161"
"Caudal Deportivo","Caudal","candidate","high","https://r2.thesportsdb.com/images/media/team/badge/b4rbi01734648481.png","https://www.thesportsdb.com/api/v1/json/3/lookupteam.php?id=150262"
"CD Alberite","Alberite","candidate","high","https://r2.thesportsdb.com/images/media/team/badge/5ek86l1759033710.png","https://www.thesportsdb.com/api/v1/json/3/lookupteam.php?id=153363"
"CD Atlético Baleares","Atlético Baleares","candidate","high","https://r2.thesportsdb.com/images/media/team/badge/fnquz91680936023.png","https://www.thesportsdb.com/api/v1/json/3/lookupteam.php?id=137843"
"CD Castellón","Castellón","candidate","high","https://r2.thesportsdb.com/images/media/team/badge/ywibjw1733456820.png","https://www.thesportsdb.com/api/v1/json/3/lookupteam.php?id=138286"
"CD Cieza","Cieza","candidate","high","https://r2.thesportsdb.com/images/media/team/badge/fn3p6l1735147881.png","https://www.thesportsdb.com/api/v1/json/3/lookupteam.php?id=150429"
"CD Ciudad de Lucena","Ciudad de Lucena","candidate","high","https://r2.thesportsdb.com/images/media/team/badge/pnbi0v1726852115.png","https://www.thesportsdb.com/api/v1/json/3/lookupteam.php?id=142540"
"CD Ebro","Ebro","candidate","high","https://r2.thesportsdb.com/images/media/team/badge/yakdg91578738563.png","https://www.thesportsdb.com/api/v1/json/3/lookupteam.php?id=137747"
"CD Eldense","Eldense","candidate","high","https://r2.thesportsdb.com/images/media/team/badge/asdjgc1733549950.png","https://www.thesportsdb.com/api/v1/json/3/lookupteam.php?id=144246"
"CD Estepona","Estepona","candidate","high","https://r2.thesportsdb.com/images/media/team/badge/xiqdjg1782369239.png","https://www.thesportsdb.com/api/v1/json/3/lookupteam.php?id=147605"
"CD Extremadura","Extremadura","candidate","high","https://r2.thesportsdb.com/images/media/team/badge/ye7j261736043777.png","https://www.thesportsdb.com/api/v1/json/3/lookupteam.php?id=150519"
"CD Getxo","Getxo","candidate","high","https://r2.thesportsdb.com/images/media/team/badge/neoeom1759034966.png","https://www.thesportsdb.com/api/v1/json/3/lookupteam.php?id=153381"
"CD Lourdes","Lourdes","candidate","high","https://r2.thesportsdb.com/images/media/team/badge/z53pej1759035917.png","https://www.thesportsdb.com/api/v1/json/3/lookupteam.php?id=153367"
"CD Quintanar Del Rey","Quintanar del Rey","candidate","high","https://r2.thesportsdb.com/images/media/team/badge/3rw9gh1678422128.png","https://www.thesportsdb.com/api/v1/json/3/lookupteam.php?id=142546"
"CD Roda","Roda","candidate","high","https://r2.thesportsdb.com/images/media/team/badge/b6yi361734845238.png","https://www.thesportsdb.com/api/v1/json/3/lookupteam.php?id=150340"
"CD Sant Jordi","Sant Jordi","candidate","high","https://r2.thesportsdb.com/images/media/team/badge/bazuvt1759037058.png","https://www.thesportsdb.com/api/v1/json/3/lookupteam.php?id=153379"
"CD Tenerife","Tenerife","candidate","high","https://r2.thesportsdb.com/images/media/team/badge/utuqys1420503958.png","https://www.thesportsdb.com/api/v1/json/3/lookupteam.php?id=133840"
"CD Teruel","Teruel","candidate","high","https://r2.thesportsdb.com/images/media/team/badge/d8mm071678162748.png","https://www.thesportsdb.com/api/v1/json/3/lookupteam.php?id=142536"
"CD Toledo","Toledo","candidate","high","https://r2.thesportsdb.com/images/media/team/badge/uk0nwd1677474252.png","https://www.thesportsdb.com/api/v1/json/3/lookupteam.php?id=144251"
"CD Tropezón","Tropezón","candidate","high","https://r2.thesportsdb.com/images/media/team/badge/22s7qo1734670469.png","https://www.thesportsdb.com/api/v1/json/3/lookupteam.php?id=144222"
"CD Yuncos","Yuncos","candidate","high","https://r2.thesportsdb.com/images/media/team/badge/erxgbh1759038292.png","https://www.thesportsdb.com/api/v1/json/3/lookupteam.php?id=153380"
"CDA Navalcarnero","Navalcarnero","candidate","high","https://r2.thesportsdb.com/images/media/team/badge/yarvoe1703175702.png","https://www.thesportsdb.com/api/v1/json/3/lookupteam.php?id=140504"
"CE Constància","Constància","candidate","high","https://r2.thesportsdb.com/images/media/team/badge/dsctfk1735098607.png","https://www.thesportsdb.com/api/v1/json/3/lookupteam.php?id=150405"
"CE Europa","CE Europa","candidate","high","https://r2.thesportsdb.com/images/media/team/badge/xdfie41784675774.png","https://www.thesportsdb.com/api/v1/json/3/lookupteam.php?id=144229"
"CE Sabadell","Sabadell","candidate","high","https://r2.thesportsdb.com/images/media/team/badge/21mapu1690094066.png","https://www.thesportsdb.com/api/v1/json/3/lookupteam.php?id=134704"
"Celje","Celje","candidate","high","https://r2.thesportsdb.com/images/media/team/badge/amvs371681106952.png","https://www.thesportsdb.com/api/v1/json/3/lookupteam.php?id=134318"
"CF Campanario","Campanario","candidate","high","https://r2.thesportsdb.com/images/media/team/badge/tlnzya1758952209.png","https://www.thesportsdb.com/api/v1/json/3/lookupteam.php?id=153365"
"CF Talavera","Talavera de la Reina","candidate","high","https://r2.thesportsdb.com/images/media/team/badge/bqvskt1690612476.png","https://www.thesportsdb.com/api/v1/json/3/lookupteam.php?id=138305"
"CFR 1907 Cluj","CFR Cluj","candidate","high","https://r2.thesportsdb.com/images/media/team/badge/81uzfv1507891573.png","https://www.thesportsdb.com/api/v1/json/3/lookupteam.php?id=133955"
"Chapecoense","Chapecoense","candidate","high","https://r2.thesportsdb.com/images/media/team/badge/wy0e1i1765900601.png","https://www.thesportsdb.com/api/v1/json/3/lookupteam.php?id=134464"
"Chatham Town","Chatham Town","candidate","high","https://r2.thesportsdb.com/images/media/team/badge/or5vzk1703219410.png","https://www.thesportsdb.com/api/v1/json/3/lookupteam.php?id=146593"
"Chelmsford City","Chelmsford City","candidate","high","https://r2.thesportsdb.com/images/media/team/badge/bjk64d1675970836.png","https://www.thesportsdb.com/api/v1/json/3/lookupteam.php?id=136154"
"Chester FC","Chester","candidate","high","https://r2.thesportsdb.com/images/media/team/badge/ohres51684736347.png","https://www.thesportsdb.com/api/v1/json/3/lookupteam.php?id=134706"
"Club Atlético Antoniano","Atlético Antoniano","candidate","high","https://r2.thesportsdb.com/images/media/team/badge/88mn8s1711252710.png","https://www.thesportsdb.com/api/v1/json/3/lookupteam.php?id=147603"
"Club Deportivo Azuaga","Azuaga","candidate","high","https://r2.thesportsdb.com/images/media/team/badge/ynwjli1735177825.png","https://www.thesportsdb.com/api/v1/json/3/lookupteam.php?id=150440"
"Club Portugalete","Portugalete","candidate","high","https://r2.thesportsdb.com/images/media/team/badge/g8utq11734747233.png","https://www.thesportsdb.com/api/v1/json/3/lookupteam.php?id=137746"
"CODM Meknès","CODM de Meknès","candidate","high","https://r2.thesportsdb.com/images/media/team/badge/fp6qrh1580335119.png","https://www.thesportsdb.com/api/v1/json/3/lookupteam.php?id=136417"
"Córdoba","Córdoba","candidate","high","https://r2.thesportsdb.com/images/media/team/badge/ttyyvy1473503827.png","https://www.thesportsdb.com/api/v1/json/3/lookupteam.php?id=134627"
"Corinthians","Corinthians","candidate","high","https://r2.thesportsdb.com/images/media/team/badge/vvuvps1473538042.png","https://www.thesportsdb.com/api/v1/json/3/lookupteam.php?id=134284"
"Coritiba","Coritiba","candidate","high","https://r2.thesportsdb.com/images/media/team/badge/ywwsyu1473538050.png","https://www.thesportsdb.com/api/v1/json/3/lookupteam.php?id=134298"
"CP Cacereño","Cacereño","candidate","high","https://r2.thesportsdb.com/images/media/team/badge/n5s7sy1578745609.png","https://www.thesportsdb.com/api/v1/json/3/lookupteam.php?id=137760"
"Crewe Alexandra","Crewe Alexandra","candidate","high","https://r2.thesportsdb.com/images/media/team/badge/xurvtu1424033658.png","https://www.thesportsdb.com/api/v1/json/3/lookupteam.php?id=134218"
"Cruzeiro","Cruzeiro","candidate","high","https://r2.thesportsdb.com/images/media/team/badge/upsvvu1473538059.png","https://www.thesportsdb.com/api/v1/json/3/lookupteam.php?id=134294"
"CSKA Sofia","CSKA Sofia","candidate","high","https://r2.thesportsdb.com/images/media/team/badge/e9tykm1752947048.png","https://www.thesportsdb.com/api/v1/json/3/lookupteam.php?id=134088"
"Cultural Leonesa","Cultural Leonesa","candidate","high","https://r2.thesportsdb.com/images/media/team/badge/yk28a51677472494.png","https://www.thesportsdb.com/api/v1/json/3/lookupteam.php?id=135888"
"Deportivo de A Coruña","Deportivo de A Coruña","candidate","high","https://r2.thesportsdb.com/images/media/team/badge/62bvwv1783013156.png","https://www.thesportsdb.com/api/v1/json/3/lookupteam.php?id=133816"
"Deportivo de La Coruña","Deportivo de A Coruña","duplicate-alias","high","https://r2.thesportsdb.com/images/media/team/badge/62bvwv1783013156.png","https://www.thesportsdb.com/api/v1/json/3/lookupteam.php?id=133816"
"Derry City","Derry City","candidate","high","https://r2.thesportsdb.com/images/media/team/badge/i5u42j1602256316.png","https://www.thesportsdb.com/api/v1/json/3/lookupteam.php?id=134354"
"Differdange FC 03","Differdange 03","candidate","high","https://r2.thesportsdb.com/images/media/team/badge/micxvx1513257944.png","https://www.thesportsdb.com/api/v1/json/3/lookupteam.php?id=134064"
"Eastleigh","Eastleigh","candidate","high","https://r2.thesportsdb.com/images/media/team/badge/kibn8h1675955584.png","https://www.thesportsdb.com/api/v1/json/3/lookupteam.php?id=135963"
"Ebbsfleet United","Ebbsfleet United","candidate","high","https://r2.thesportsdb.com/images/media/team/badge/mepo4o1573138740.png","https://www.thesportsdb.com/api/v1/json/3/lookupteam.php?id=136152"
"Eibar","Eibar","candidate","high","https://r2.thesportsdb.com/images/media/team/badge/hccive1680933599.png","https://www.thesportsdb.com/api/v1/json/3/lookupteam.php?id=134626"
"ETO FC Győr","Győri ETO","candidate","high","https://r2.thesportsdb.com/images/media/team/badge/mk29081781160208.png","https://www.thesportsdb.com/api/v1/json/3/lookupteam.php?id=134314"
"FC Ararat-Armenia","Ararat-Armenia","candidate","high","https://r2.thesportsdb.com/images/media/team/badge/g396se1596470244.png","https://www.thesportsdb.com/api/v1/json/3/lookupteam.php?id=137892"
"FC Cartagena","Cartagena","candidate","high","https://r2.thesportsdb.com/images/media/team/badge/xzrxd71677472112.png","https://www.thesportsdb.com/api/v1/json/3/lookupteam.php?id=137446"
"FC Halifax Town","Halifax Town","candidate","high","https://r2.thesportsdb.com/images/media/team/badge/s11p8q1689067978.png","https://www.thesportsdb.com/api/v1/json/3/lookupteam.php?id=134486"
"FC Hradec Králové","Hradec Králové","candidate","high","https://r2.thesportsdb.com/images/media/team/badge/ckjzy41691419056.png","https://www.thesportsdb.com/api/v1/json/3/lookupteam.php?id=141109"
"FC Iberia 1999","Iberia 1999","candidate","high","https://r2.thesportsdb.com/images/media/team/badge/ifxpmk1615900731.png","https://www.thesportsdb.com/api/v1/json/3/lookupteam.php?id=138046"
"FC Internazionale Milano","Inter Milan","candidate","high","https://r2.thesportsdb.com/images/media/team/badge/ryhu6d1617113103.png","https://www.thesportsdb.com/api/v1/json/3/lookupteam.php?id=133681"
"FC København","FC Copenhagen","candidate","high","https://r2.thesportsdb.com/images/media/team/badge/styqtr1473535513.png","https://www.thesportsdb.com/api/v1/json/3/lookupteam.php?id=133898"
"FC La Union Atletico","FC La Unión Atlético","candidate","review","https://upload.wikimedia.org/wikipedia/en/b/be/FC_La_Uni%C3%B3n_Atl%C3%A9tico.png","https://en.wikipedia.org/wiki/File:FC_La_Uni%C3%B3n_Atl%C3%A9tico.png"
"FC Milsami Orhei","Milsami Orhei","candidate","high","https://r2.thesportsdb.com/images/media/team/badge/rebsn21682081795.png","https://www.thesportsdb.com/api/v1/json/3/lookupteam.php?id=134084"
"FC Noah","Noah","duplicate-alias","high","https://r2.thesportsdb.com/images/media/team/badge/qylmss1720503567.png","https://www.thesportsdb.com/api/v1/json/3/lookupteam.php?id=137895"
"FC Petrocub Hîncesti","Petrocub Hîncești","candidate","high","https://r2.thesportsdb.com/images/media/team/badge/r2mzoe1781541722.png","https://www.thesportsdb.com/api/v1/json/3/lookupteam.php?id=138123"
"FC Prishtina","Prishtina","candidate","high","https://r2.thesportsdb.com/images/media/team/badge/34hhvh1753897677.png","https://www.thesportsdb.com/api/v1/json/3/lookupteam.php?id=140101"
"FC Schalke 04","Schalke 04","candidate","high","https://r2.thesportsdb.com/images/media/team/badge/hnci291621593978.png","https://www.thesportsdb.com/api/v1/json/3/lookupteam.php?id=133661"
"FC St. Gallen 1879","St. Gallen","candidate","high","https://r2.thesportsdb.com/images/media/team/badge/tyvyvs1422644512.png","https://www.thesportsdb.com/api/v1/json/3/lookupteam.php?id=134406"
"FC Thun","Thun","candidate","high","https://r2.thesportsdb.com/images/media/team/badge/sovjgl1699462359.png","https://www.thesportsdb.com/api/v1/json/3/lookupteam.php?id=134394"
"FC Twente","Twente","candidate","high","https://r2.thesportsdb.com/images/media/team/badge/rsrxrt1473534783.png","https://www.thesportsdb.com/api/v1/json/3/lookupteam.php?id=133774"
"FC Universitatea Cluj","Universitatea Cluj","candidate","high","https://r2.thesportsdb.com/images/media/team/badge/fn9rwv1579794565.png","https://www.thesportsdb.com/api/v1/json/3/lookupteam.php?id=138198"
"FCI Levadia Tallinn","Levadia Tallinn","candidate","high","https://r2.thesportsdb.com/images/media/team/badge/nsdow61769308517.png","https://www.thesportsdb.com/api/v1/json/3/lookupteam.php?id=134046"
"FK Aktobe","Aktobe","candidate","high","https://r2.thesportsdb.com/images/media/team/badge/tt0rtn1751479739.png","https://www.thesportsdb.com/api/v1/json/3/lookupteam.php?id=140520"
"FK Borac Banja Luka","Borac Banja Luka","candidate","high","https://r2.thesportsdb.com/images/media/team/badge/wj4g311579090126.png","https://www.thesportsdb.com/api/v1/json/3/lookupteam.php?id=137938"
"FK Budućnost Podgorica","Budućnost Podgorica","candidate","high","https://r2.thesportsdb.com/images/media/team/badge/kckpa11579467122.png","https://www.thesportsdb.com/api/v1/json/3/lookupteam.php?id=133983"
"FK Crvena zvezda","Crvena Zvezda","candidate","high","https://r2.thesportsdb.com/images/media/team/badge/osgmbz1781157114.png","https://www.thesportsdb.com/api/v1/json/3/lookupteam.php?id=133987"
"FK Kauno Žalgiris","Kauno Žalgiris","candidate","high","https://r2.thesportsdb.com/images/media/team/badge/yf8m3t1714153414.png","https://www.thesportsdb.com/api/v1/json/3/lookupteam.php?id=137992"
"FK Sutjeska Nikšić","Sutjeska","candidate","high","https://r2.thesportsdb.com/images/media/team/badge/jgxq3z1565903948.png","https://www.thesportsdb.com/api/v1/json/3/lookupteam.php?id=134310"
"FK Vardar Skopje","Vardar","candidate","high","https://r2.thesportsdb.com/images/media/team/badge/8vj1d11738559246.png","https://www.thesportsdb.com/api/v1/json/3/lookupteam.php?id=133979"
"FK Vojvodina","Vojvodina","candidate","high","https://r2.thesportsdb.com/images/media/team/badge/adh59u1703173053.png","https://www.thesportsdb.com/api/v1/json/3/lookupteam.php?id=134022"
"Flamengo","Flamengo","candidate","high","https://r2.thesportsdb.com/images/media/team/badge/syptwx1473538074.png","https://www.thesportsdb.com/api/v1/json/3/lookupteam.php?id=134287"
"Flora Tallinn","Flora Tallinn","candidate","high","https://r2.thesportsdb.com/images/media/team/badge/2m6xuv1769308039.png","https://www.thesportsdb.com/api/v1/json/3/lookupteam.php?id=133967"
"Floriana FC","Floriana","candidate","high","https://r2.thesportsdb.com/images/media/team/badge/zzd9zb1747880322.png","https://www.thesportsdb.com/api/v1/json/3/lookupteam.php?id=134039"
"Fluminense","Fluminense","candidate","high","https://r2.thesportsdb.com/images/media/team/badge/stvvwp1473538082.png","https://www.thesportsdb.com/api/v1/json/3/lookupteam.php?id=134296"
"Fredrikstad FK","Fredrikstad","candidate","high","https://r2.thesportsdb.com/images/media/team/badge/9se6qv1690695269.png","https://www.thesportsdb.com/api/v1/json/3/lookupteam.php?id=134749"
"Gainsborough Trinity","Gainsborough Trinity","candidate","high","https://r2.thesportsdb.com/images/media/team/badge/rls0lc1513777662.png","https://www.thesportsdb.com/api/v1/json/3/lookupteam.php?id=135970"
"Gateshead","Gateshead","candidate","high","https://r2.thesportsdb.com/images/media/team/badge/maxonw1486738829.png","https://www.thesportsdb.com/api/v1/json/3/lookupteam.php?id=134765"
"Gimnàstic de Tarragona","Gimnàstic","candidate","high","https://r2.thesportsdb.com/images/media/team/badge/tpytry1447591259.png","https://www.thesportsdb.com/api/v1/json/3/lookupteam.php?id=134211"
"Go Ahead Eagles","Go Ahead Eagles","candidate","high","https://r2.thesportsdb.com/images/media/team/badge/3hq2cy1685597026.png","https://www.thesportsdb.com/api/v1/json/3/lookupteam.php?id=134304"
"Górnik Zabrze","Górnik Zabrze","candidate","high","https://r2.thesportsdb.com/images/media/team/badge/fk1fam1767928408.png","https://www.thesportsdb.com/api/v1/json/3/lookupteam.php?id=135296"
"Grêmio","Grêmio","candidate","high","https://r2.thesportsdb.com/images/media/team/badge/uvpwyt1473538089.png","https://www.thesportsdb.com/api/v1/json/3/lookupteam.php?id=134288"
"Guadalajara","Guadalajara","candidate","high","https://r2.thesportsdb.com/images/media/team/badge/qt2hk81757606691.png","https://www.thesportsdb.com/api/v1/json/3/lookupteam.php?id=146797"
"Ħamrun Spartans FC","Ħamrun Spartans","candidate","high","https://r2.thesportsdb.com/images/media/team/badge/mmqcjl1579535584.png","https://www.thesportsdb.com/api/v1/json/3/lookupteam.php?id=138133"
"Hapoel Be'er Sheva","Hapoel Be'er Sheva","candidate","high","https://r2.thesportsdb.com/images/media/team/badge/ar5zft1781239007.png","https://www.thesportsdb.com/api/v1/json/3/lookupteam.php?id=134799"
"Hartberg","TSV Hartberg","candidate","high","https://r2.thesportsdb.com/images/media/team/badge/72c0xg1578833261.png","https://www.thesportsdb.com/api/v1/json/3/lookupteam.php?id=137805"
"Hemel Hempstead","Hemel Hempstead Town","candidate","high","https://r2.thesportsdb.com/images/media/team/badge/627t721690308224.png","https://www.thesportsdb.com/api/v1/json/3/lookupteam.php?id=136261"
"HNK Rijeka","Rijeka","candidate","high","https://r2.thesportsdb.com/images/media/team/badge/z8bxvi1603310975.png","https://www.thesportsdb.com/api/v1/json/3/lookupteam.php?id=134399"
"Huesca","Huesca","candidate","high","https://r2.thesportsdb.com/images/media/team/badge/tuxusx1447590509.png","https://www.thesportsdb.com/api/v1/json/3/lookupteam.php?id=135454"
"IF Vestri","Vestri","candidate","high","https://r2.thesportsdb.com/images/media/team/badge/27f6gb1614288091.png","https://www.thesportsdb.com/api/v1/json/3/lookupteam.php?id=140785"
"Ilves","Ilves","candidate","high","https://r2.thesportsdb.com/images/media/team/badge/jhx8vm1578953713.png","https://www.thesportsdb.com/api/v1/json/3/lookupteam.php?id=136687"
"Inter Club d'Escaldes","Inter Club d'Escaldes","candidate","high","https://r2.thesportsdb.com/images/media/team/badge/39f7xv1578827342.png","https://www.thesportsdb.com/api/v1/json/3/lookupteam.php?id=137792"
"Inter Valdemoro","Inter de Valdemoro","candidate","high","https://r2.thesportsdb.com/images/media/team/badge/qzlexa1759035550.png","https://www.thesportsdb.com/api/v1/json/3/lookupteam.php?id=153382"
"Internacional","Internacional","candidate","high","https://r2.thesportsdb.com/images/media/team/badge/yprvxx1473538097.png","https://www.thesportsdb.com/api/v1/json/3/lookupteam.php?id=134281"
"Julio Suarez Universitario CF","Universitario FC","candidate","high","https://r2.thesportsdb.com/images/media/team/badge/2u1izl1759038014.png","https://www.thesportsdb.com/api/v1/json/3/lookupteam.php?id=153371"
"Juventud Torremolinos CF","Juventud Torremolinos","candidate","high","https://r2.thesportsdb.com/images/media/team/badge/4bh1zt1660660153.png","https://www.thesportsdb.com/api/v1/json/3/lookupteam.php?id=146798"
"Kairat Almaty","Kairat Almaty","candidate","high","https://r2.thesportsdb.com/images/media/team/badge/sz5y1m1579285078.png","https://www.thesportsdb.com/api/v1/json/3/lookupteam.php?id=134602"
"KF Egnatia","Egnatia","candidate","high","https://r2.thesportsdb.com/images/media/team/badge/4tufos1639086825.png","https://www.thesportsdb.com/api/v1/json/3/lookupteam.php?id=140667"
"KF Shkëndija","Shkendija","duplicate-alias","high","https://r2.thesportsdb.com/images/media/team/badge/4wv7i21717397649.png","https://www.thesportsdb.com/api/v1/json/3/lookupteam.php?id=134024"
"Klaksvíkar Ítróttarfelag","KÍ Klaksvík","candidate","high","https://r2.thesportsdb.com/images/media/team/badge/4vq0i41579294709.png","https://www.thesportsdb.com/api/v1/json/3/lookupteam.php?id=138051"
"Kuopion Palloseura","KuPS","candidate","high","https://r2.thesportsdb.com/images/media/team/badge/qmrrop1717396470.png","https://www.thesportsdb.com/api/v1/json/3/lookupteam.php?id=134018"
"Larne FC","Larne","candidate","high","https://r2.thesportsdb.com/images/media/team/badge/pg8k1v1615586095.png","https://www.thesportsdb.com/api/v1/json/3/lookupteam.php?id=138007"
"Le Mans","Le Mans","candidate","high","https://r2.thesportsdb.com/images/media/team/badge/wjhziv1700145026.png","https://www.thesportsdb.com/api/v1/json/3/lookupteam.php?id=133848"
"Levski Sofia","Levski Sofia","candidate","high","https://r2.thesportsdb.com/images/media/team/badge/9krgx71781149189.png","https://www.thesportsdb.com/api/v1/json/3/lookupteam.php?id=134085"
"Leyton Orient","Leyton Orient","candidate","high","https://r2.thesportsdb.com/images/media/team/badge/g4d9bi1688678797.png","https://www.thesportsdb.com/api/v1/json/3/lookupteam.php?id=134367"
"Lillestrøm SK","Lillestrøm","candidate","high","https://r2.thesportsdb.com/images/media/team/badge/txpuvv1448823342.png","https://www.thesportsdb.com/api/v1/json/3/lookupteam.php?id=134569"
"Lincoln Red Imps","Lincoln Red Imps","candidate","high","https://r2.thesportsdb.com/images/media/team/badge/w1d87s1594393899.png","https://www.thesportsdb.com/api/v1/json/3/lookupteam.php?id=140040"
"Linfield FC","Linfield","candidate","high","https://r2.thesportsdb.com/images/media/team/badge/ltysm01595013702.png","https://www.thesportsdb.com/api/v1/json/3/lookupteam.php?id=133964"
"Liverpool Reds","Liverpool","candidate","high","https://r2.thesportsdb.com/images/media/team/badge/kfaher1737969724.png","https://www.thesportsdb.com/api/v1/json/3/lookupteam.php?id=133602"
"Lorca Deportiva","Lorca Deportiva","candidate","high","https://r2.thesportsdb.com/images/media/team/badge/wo066g1690093216.png","https://www.thesportsdb.com/api/v1/json/3/lookupteam.php?id=140502"
"Los Garres","Los Garres","candidate","high","https://r2.thesportsdb.com/images/media/team/badge/nea50u1759035816.png","https://www.thesportsdb.com/api/v1/json/3/lookupteam.php?id=153366"
"Málaga CF","Málaga","candidate","high","https://r2.thesportsdb.com/images/media/team/badge/upqyvr1473502952.png","https://www.thesportsdb.com/api/v1/json/3/lookupteam.php?id=133736"
"Maldon & Tiptree FC","Maldon and Tiptree","candidate","high","https://r2.thesportsdb.com/images/media/team/badge/ofddt41743070362.png","https://www.thesportsdb.com/api/v1/json/3/lookupteam.php?id=137702"
"Malmö FF","Malmö","candidate","high","https://r2.thesportsdb.com/images/media/team/badge/429jzd1779940315.png","https://www.thesportsdb.com/api/v1/json/3/lookupteam.php?id=134166"
"Manises CF","Manises","candidate","high","https://r2.thesportsdb.com/images/media/team/badge/wp4p3n1730699319.png","https://www.thesportsdb.com/api/v1/json/3/lookupteam.php?id=149519"
"Martinique","Martinique","candidate","high","https://r2.thesportsdb.com/images/media/team/badge/eka0vx1728750119.png","https://www.thesportsdb.com/api/v1/json/3/lookupteam.php?id=140278"
"Mérida AD","Mérida","candidate","high","https://r2.thesportsdb.com/images/media/team/badge/x2o62u1718211663.png","https://www.thesportsdb.com/api/v1/json/3/lookupteam.php?id=137761"
"Milton Keynes Dons","Milton Keynes Dons","candidate","high","https://r2.thesportsdb.com/images/media/team/badge/9hx41b1748524969.png","https://www.thesportsdb.com/api/v1/json/3/lookupteam.php?id=134371"
"Mirandés","Mirandés","candidate","high","https://r2.thesportsdb.com/images/media/team/badge/xjeaa21625677345.png","https://www.thesportsdb.com/api/v1/json/3/lookupteam.php?id=134698"
"Mirassol","Mirassol","candidate","high","https://r2.thesportsdb.com/images/media/team/badge/pw8uo11765900737.png","https://www.thesportsdb.com/api/v1/json/3/lookupteam.php?id=141181"
"Mjällby AIF","Mjällby","candidate","high","https://r2.thesportsdb.com/images/media/team/badge/ruwqxv1430239112.png","https://www.thesportsdb.com/api/v1/json/3/lookupteam.php?id=134164"
"ML Vitebsk","Maxline Vitebsk","candidate","high","https://r2.thesportsdb.com/images/media/team/badge/wl5hg71779336693.png","https://www.thesportsdb.com/api/v1/json/3/lookupteam.php?id=142515"
"MŠK Žilina","Žilina","candidate","high","https://r2.thesportsdb.com/images/media/team/badge/rwsikr1627419286.png","https://www.thesportsdb.com/api/v1/json/3/lookupteam.php?id=133975"
"Mutilvera","Mutilvera","candidate","high","https://r2.thesportsdb.com/images/media/team/badge/dj2t6z1690067701.png","https://www.thesportsdb.com/api/v1/json/3/lookupteam.php?id=140494"
"Naxara CD","Náxara","candidate","high","https://r2.thesportsdb.com/images/media/team/badge/jx701u1710993218.png","https://www.thesportsdb.com/api/v1/json/3/lookupteam.php?id=144226"
"NEC Nijmegen","NEC Nijmegen","candidate","high","https://r2.thesportsdb.com/images/media/team/badge/t5qjle1701019868.png","https://www.thesportsdb.com/api/v1/json/3/lookupteam.php?id=133760"
"NK Aluminij Kidričevo","Aluminij","candidate","high","https://r2.thesportsdb.com/images/media/team/badge/a92sr81579812977.png","https://www.thesportsdb.com/api/v1/json/3/lookupteam.php?id=138213"
"NK Celje","Celje","duplicate-alias","high","https://r2.thesportsdb.com/images/media/team/badge/amvs371681106952.png","https://www.thesportsdb.com/api/v1/json/3/lookupteam.php?id=134318"
"Noah","Noah","candidate","high","https://r2.thesportsdb.com/images/media/team/badge/qylmss1720503567.png","https://www.thesportsdb.com/api/v1/json/3/lookupteam.php?id=137895"
"Numancia","Numancia","candidate","high","https://r2.thesportsdb.com/images/media/team/badge/csil0b1535206624.png","https://www.thesportsdb.com/api/v1/json/3/lookupteam.php?id=133856"
"OFI Crete","OFI","candidate","high","https://r2.thesportsdb.com/images/media/team/badge/02xrl91602773672.png","https://www.thesportsdb.com/api/v1/json/3/lookupteam.php?id=133743"
"Oldham Athletic","Oldham Athletic","candidate","high","https://r2.thesportsdb.com/images/media/team/badge/36hve81625514026.png","https://www.thesportsdb.com/api/v1/json/3/lookupteam.php?id=134185"
"Omonia Nicosia","Omonia Nicosia","candidate","high","https://r2.thesportsdb.com/images/media/team/badge/nmd7vt1779579017.png","https://www.thesportsdb.com/api/v1/json/3/lookupteam.php?id=133986"
"Orihuela","Orihuela","candidate","high","https://r2.thesportsdb.com/images/media/team/badge/yx562i1578744097.png","https://www.thesportsdb.com/api/v1/json/3/lookupteam.php?id=137755"
"Ourense CF","Ourense CF","candidate","high","https://r2.thesportsdb.com/images/media/team/badge/lpn1bl1721094125.png","https://www.thesportsdb.com/api/v1/json/3/lookupteam.php?id=140528"
"Paksi FC","Paks","candidate","high","https://r2.thesportsdb.com/images/media/team/badge/kos9hc1604523576.png","https://www.thesportsdb.com/api/v1/json/3/lookupteam.php?id=138185"
"Palmeiras","Palmeiras","candidate","high","https://r2.thesportsdb.com/images/media/team/badge/vsqwqp1473538105.png","https://www.thesportsdb.com/api/v1/json/3/lookupteam.php?id=134465"
"Paris FC","Paris FC","candidate","high","https://r2.thesportsdb.com/images/media/team/badge/yuvtsy1447594254.png","https://www.thesportsdb.com/api/v1/json/3/lookupteam.php?id=135465"
"Plymouth Argyle","Plymouth Argyle","candidate","high","https://r2.thesportsdb.com/images/media/team/badge/wod5cj1689630278.png","https://www.thesportsdb.com/api/v1/json/3/lookupteam.php?id=133836"
"Pontevedra CF","Pontevedra","candidate","high","https://r2.thesportsdb.com/images/media/team/badge/sndafh1578852533.png","https://www.thesportsdb.com/api/v1/json/3/lookupteam.php?id=137822"
"Puerto de Vega CF","Puerto de Vega","candidate","high","https://r2.thesportsdb.com/images/media/team/badge/nzr1ci1759037720.png","https://www.thesportsdb.com/api/v1/json/3/lookupteam.php?id=153384"
"Queen's Park","Queen's Park","candidate","high","https://r2.thesportsdb.com/images/media/team/badge/lf1cb41750743489.png","https://www.thesportsdb.com/api/v1/json/3/lookupteam.php?id=138105"
"Racing de Ferrol","Racing Club de Ferrol","candidate","high","https://r2.thesportsdb.com/images/media/team/badge/m1sv6g1687262203.png","https://www.thesportsdb.com/api/v1/json/3/lookupteam.php?id=137827"
"Racing de Santander","Racing de Santander","candidate","high","https://r2.thesportsdb.com/images/media/team/badge/97kkiq1536575158.png","https://www.thesportsdb.com/api/v1/json/3/lookupteam.php?id=133726"
"Rayo Majadahonda","Rayo Majadahonda","candidate","high","https://r2.thesportsdb.com/images/media/team/badge/k2kkjx1609532963.png","https://www.thesportsdb.com/api/v1/json/3/lookupteam.php?id=136249"
"RB Bragantino","Red Bull Bragantino","candidate","high","https://img.redbullbragantino.com/images/c_limit,w_4000/e_trim:1:transparent/c_limit,w_512,h_512/bo_5px_solid_rgb:00000000/q_auto:best,f_png/2026/2/9/i1izmjn6ic5ctfogarvs/bragantino-logo","https://www.redbullbragantino.com/br-pt/"
"RC Lens","Lens","candidate","high","https://r2.thesportsdb.com/images/media/team/badge/3pxoum1598797195.png","https://www.thesportsdb.com/api/v1/json/3/lookupteam.php?id=133822"
"Real Ávila CF","Real Ávila","candidate","high","https://r2.thesportsdb.com/images/media/team/badge/ymdv3f1730648785.png","https://www.thesportsdb.com/api/v1/json/3/lookupteam.php?id=149455"
"Real Avilés","Real Avilés Industrial","candidate","high","https://r2.thesportsdb.com/images/media/team/badge/1gcrxj1690066003.png","https://www.thesportsdb.com/api/v1/json/3/lookupteam.php?id=144214"
"Real Jaén","Real Jaén","candidate","high","https://r2.thesportsdb.com/images/media/team/badge/may3aj1735056799.png","https://www.thesportsdb.com/api/v1/json/3/lookupteam.php?id=137763"
"Real Murcia","Real Murcia","candidate","high","https://r2.thesportsdb.com/images/media/team/badge/zoo96h1747995489.png","https://www.thesportsdb.com/api/v1/json/3/lookupteam.php?id=133878"
"Real Racing Club","Racing de Santander","duplicate-alias","high","https://r2.thesportsdb.com/images/media/team/badge/97kkiq1536575158.png","https://www.thesportsdb.com/api/v1/json/3/lookupteam.php?id=133726"
"Real Valladolid","Real Valladolid","candidate","high","https://r2.thesportsdb.com/images/media/team/badge/bnhu8b1719983736.png","https://www.thesportsdb.com/api/v1/json/3/lookupteam.php?id=133841"
"Real Zaragoza","Real Zaragoza","candidate","high","https://r2.thesportsdb.com/images/media/team/badge/sxpwxs1473503702.png","https://www.thesportsdb.com/api/v1/json/3/lookupteam.php?id=133737"
"Red Bull Salzburg","Red Bull Salzburg","candidate","high","https://r2.thesportsdb.com/images/media/team/badge/nc2cua1781541639.png","https://www.thesportsdb.com/api/v1/json/3/lookupteam.php?id=133970"
"Remo","Remo","candidate","high","https://r2.thesportsdb.com/images/media/team/badge/u36jfy1579341655.png","https://www.thesportsdb.com/api/v1/json/3/lookupteam.php?id=137818"
"Reus FC Reddis","Reus FC Reddis","candidate","high","https://r2.thesportsdb.com/images/media/team/badge/ieqtyv1734390600.png","https://www.thesportsdb.com/api/v1/json/3/lookupteam.php?id=150225"
"RFS","RFS","candidate","high","https://r2.thesportsdb.com/images/media/team/badge/cep7qg1644854951.png","https://www.thesportsdb.com/api/v1/json/3/lookupteam.php?id=137985"
"Ried","SV Ried","candidate","high","https://r2.thesportsdb.com/images/media/team/badge/c1bxyq1583516636.png","https://www.thesportsdb.com/api/v1/json/3/lookupteam.php?id=133993"
"Riga FC","Riga FC","candidate","high","https://r2.thesportsdb.com/images/media/team/badge/0cup9s1579192235.png","https://www.thesportsdb.com/api/v1/json/3/lookupteam.php?id=137984"
"Rochdale","Rochdale","candidate","high","https://r2.thesportsdb.com/images/media/team/badge/uqwwxr1424032561.png","https://www.thesportsdb.com/api/v1/json/3/lookupteam.php?id=134364"
"Royale Union Saint-Gilloise","Union Saint-Gilloise","candidate","high","https://r2.thesportsdb.com/images/media/team/badge/ljszp41654601742.png","https://www.thesportsdb.com/api/v1/json/3/lookupteam.php?id=138141"
"RSC Anderlecht","Anderlecht","candidate","high","https://r2.thesportsdb.com/images/media/team/badge/auindn1771129464.png","https://www.thesportsdb.com/api/v1/json/3/lookupteam.php?id=133776"
"RSD Alcalá","Alcalá","candidate","high","https://r2.thesportsdb.com/images/media/team/badge/of99241734924655.png","https://www.thesportsdb.com/api/v1/json/3/lookupteam.php?id=150349"
"Sabah FK","Sabah Baku","candidate","high","https://r2.thesportsdb.com/images/media/team/badge/5cw7q91723051971.png","https://www.thesportsdb.com/api/v1/json/3/lookupteam.php?id=138341"
"Salerm Puente Genil","Puente Genil","candidate","high","https://r2.thesportsdb.com/images/media/team/badge/18cwog1735080556.png","https://www.thesportsdb.com/api/v1/json/3/lookupteam.php?id=150399"
"Santos","Santos","candidate","high","https://r2.thesportsdb.com/images/media/team/badge/j8xk9g1679447486.png","https://www.thesportsdb.com/api/v1/json/3/lookupteam.php?id=134286"
"São Paulo","São Paulo","candidate","high","https://r2.thesportsdb.com/images/media/team/badge/sxpupx1473538135.png","https://www.thesportsdb.com/api/v1/json/3/lookupteam.php?id=134291"
"Scunthorpe United","Scunthorpe United","candidate","high","https://r2.thesportsdb.com/images/media/team/badge/ljf0ce1685771026.png","https://www.thesportsdb.com/api/v1/json/3/lookupteam.php?id=133810"
"SD Logroñés","SD Logroñés","candidate","high","https://r2.thesportsdb.com/images/media/team/badge/k64thp1732833216.png","https://www.thesportsdb.com/api/v1/json/3/lookupteam.php?id=140495"
"SD Negreira","Negreira","candidate","high","https://r2.thesportsdb.com/images/media/team/badge/sqo3k61759036464.png","https://www.thesportsdb.com/api/v1/json/3/lookupteam.php?id=153385"
"SD Ponferradina","Ponferradina","candidate","high","https://r2.thesportsdb.com/images/media/team/badge/lnq4821626202014.png","https://www.thesportsdb.com/api/v1/json/3/lookupteam.php?id=134697"
"SD Tarazona","Tarazona","candidate","high","https://r2.thesportsdb.com/images/media/team/badge/fuguct1609532834.png","https://www.thesportsdb.com/api/v1/json/3/lookupteam.php?id=140496"
"SD Textil Escudo","Textil Escudo","candidate","high","https://r2.thesportsdb.com/images/media/team/badge/yepr0h1758951893.png","https://www.thesportsdb.com/api/v1/json/3/lookupteam.php?id=153370"
"Shkendija","Shkëndija","candidate","high","https://r2.thesportsdb.com/images/media/team/badge/4wv7i21717397649.png","https://www.thesportsdb.com/api/v1/json/3/lookupteam.php?id=134024"
"Sigma Olomouc","Sigma Olomouc","candidate","high","https://r2.thesportsdb.com/images/media/team/badge/cbcg021578836711.png","https://www.thesportsdb.com/api/v1/json/3/lookupteam.php?id=136677"
"Sint Maarten","St Maarten","candidate","high","https://r2.thesportsdb.com/images/media/team/badge/5a2vju1600974345.png","https://www.thesportsdb.com/api/v1/json/3/lookupteam.php?id=140284"
"Sint-Truidense VV","Sint-Truiden","candidate","high","https://r2.thesportsdb.com/images/media/team/badge/qww8ap1534620441.png","https://www.thesportsdb.com/api/v1/json/3/lookupteam.php?id=135461"
"SK Brann","Brann","candidate","high","https://r2.thesportsdb.com/images/media/team/badge/ovuad71690695412.png","https://www.thesportsdb.com/api/v1/json/3/lookupteam.php?id=134571"
"SK Sigma Olomouc","Sigma Olomouc","duplicate-alias","high","https://r2.thesportsdb.com/images/media/team/badge/cbcg021578836711.png","https://www.thesportsdb.com/api/v1/json/3/lookupteam.php?id=136677"
"SK Slavia Praha","Slavia Prague","candidate","high","https://r2.thesportsdb.com/images/media/team/badge/l7kl4n1759252139.png","https://www.thesportsdb.com/api/v1/json/3/lookupteam.php?id=136036"
"Slough Town","Slough Town","candidate","high","https://r2.thesportsdb.com/images/media/team/badge/g580bs1783313206.png","https://www.thesportsdb.com/api/v1/json/3/lookupteam.php?id=136145"
"South Shields","South Shields","candidate","high","https://r2.thesportsdb.com/images/media/team/badge/b4l3aa1682313652.png","https://www.thesportsdb.com/api/v1/json/3/lookupteam.php?id=137888"
"Southend United","Southend United","candidate","high","https://r2.thesportsdb.com/images/media/team/badge/oafwr01601809319.png","https://www.thesportsdb.com/api/v1/json/3/lookupteam.php?id=134209"
"Spennymoor Town","Spennymoor Town","candidate","high","https://r2.thesportsdb.com/images/media/team/badge/hg0ffu1675965265.png","https://www.thesportsdb.com/api/v1/json/3/lookupteam.php?id=136007"
"Sport Lisboa e Benfica","Benfica","candidate","high","https://r2.thesportsdb.com/images/media/team/badge/hj4kyc1781152436.png","https://www.thesportsdb.com/api/v1/json/3/lookupteam.php?id=134108"
"Sporting Clube de Portugal","Sporting CP","candidate","high","https://r2.thesportsdb.com/images/media/team/badge/5hiuk71783137875.png","https://www.thesportsdb.com/api/v1/json/3/lookupteam.php?id=135708"
"Sporting de Ceuta","Sporting Ceuta","candidate","high","https://r2.thesportsdb.com/images/media/team/badge/l00e9j1759035389.png","https://www.thesportsdb.com/api/v1/json/3/lookupteam.php?id=153387"
"Sporting Gijón","Sporting de Gijón","candidate","high","https://r2.thesportsdb.com/images/media/team/badge/xxrtqx1473503054.png","https://www.thesportsdb.com/api/v1/json/3/lookupteam.php?id=133723"
"SS Virtus","Virtus","candidate","high","https://r2.thesportsdb.com/images/media/team/badge/2c3exd1717398070.png","https://www.thesportsdb.com/api/v1/json/3/lookupteam.php?id=138086"
"St Albans City","St Albans City","candidate","high","https://r2.thesportsdb.com/images/media/team/badge/zfuuj91675969255.png","https://www.thesportsdb.com/api/v1/json/3/lookupteam.php?id=135942"
"Stade Brestois","Brest","candidate","high","https://r2.thesportsdb.com/images/media/team/badge/z69be41598797026.png","https://www.thesportsdb.com/api/v1/json/3/lookupteam.php?id=133704"
"Stade Rennais","Rennes","candidate","high","https://r2.thesportsdb.com/images/media/team/badge/ypturx1473504818.png","https://www.thesportsdb.com/api/v1/json/3/lookupteam.php?id=133719"
"SV 07 Elversberg","Elversberg","candidate","high","https://r2.thesportsdb.com/images/media/team/badge/z079go1677573926.png","https://www.thesportsdb.com/api/v1/json/3/lookupteam.php?id=138411"
"Tamworth","Tamworth","candidate","high","https://r2.thesportsdb.com/images/media/team/badge/7j70n31603398291.png","https://www.thesportsdb.com/api/v1/json/3/lookupteam.php?id=140380"
"TBC","TBC","placeholder","not-applicable","",""
"Telford United","AFC Telford United","candidate","high","https://r2.thesportsdb.com/images/media/team/badge/fo4nes1685771177.png","https://www.thesportsdb.com/api/v1/json/3/lookupteam.php?id=136153"
"The New Saints","The New Saints","candidate","high","https://r2.thesportsdb.com/images/media/team/badge/rxbv2i1689313887.png","https://www.thesportsdb.com/api/v1/json/3/lookupteam.php?id=134312"
"Torrent CF","Torrent","candidate","high","https://r2.thesportsdb.com/images/media/team/badge/x5nv2v1702259625.png","https://www.thesportsdb.com/api/v1/json/3/lookupteam.php?id=147602"
"Trabzonspor","Trabzonspor","candidate","high","https://r2.thesportsdb.com/images/media/team/badge/96s34o1776827629.png","https://www.thesportsdb.com/api/v1/json/3/lookupteam.php?id=133796"
"Tromsø IL","Tromsø","candidate","high","https://r2.thesportsdb.com/images/media/team/badge/sb24al1764644259.png","https://www.thesportsdb.com/api/v1/json/3/lookupteam.php?id=133997"
"Troyes","Troyes","candidate","high","https://r2.thesportsdb.com/images/media/team/badge/sl5kzg1766617559.png","https://www.thesportsdb.com/api/v1/json/3/lookupteam.php?id=134789"
"UCAM Murcia","UCAM Murcia","candidate","high","https://r2.thesportsdb.com/images/media/team/badge/vuuwwp1471878623.png","https://www.thesportsdb.com/api/v1/json/3/lookupteam.php?id=135679"
"UD Ibiza","Ibiza","candidate","high","https://r2.thesportsdb.com/images/media/team/badge/vtxbel1784094189.png","https://www.thesportsdb.com/api/v1/json/3/lookupteam.php?id=137748"
"UD Logroñés","UD Logroñés","candidate","high","https://r2.thesportsdb.com/images/media/team/badge/pj3z291751177699.png","https://www.thesportsdb.com/api/v1/json/3/lookupteam.php?id=137591"
"UD Maracena","Maracena","candidate","high","https://r2.thesportsdb.com/images/media/team/badge/orafsh1758951972.png","https://www.thesportsdb.com/api/v1/json/3/lookupteam.php?id=153368"
"UD Poblense","Poblense","candidate","high","https://r2.thesportsdb.com/images/media/team/badge/10uu6b1782369400.png","https://www.thesportsdb.com/api/v1/json/3/lookupteam.php?id=140505"
"UD Samano","Sámano","candidate","high","https://r2.thesportsdb.com/images/media/team/badge/9azs5m1734669638.png","https://www.thesportsdb.com/api/v1/json/3/lookupteam.php?id=150280"
"UD San Fernando","UD San Fernando","candidate","high","https://r2.thesportsdb.com/images/media/team/badge/4zegxx1710995448.png","https://www.thesportsdb.com/api/v1/json/3/lookupteam.php?id=144241"
"UE Sant Andreu","Sant Andreu","candidate","high","https://r2.thesportsdb.com/images/media/team/badge/v33d1n1685918619.png","https://www.thesportsdb.com/api/v1/json/3/lookupteam.php?id=144942"
"Unión Deportiva Ourense","UD Ourense","candidate","high","https://r2.thesportsdb.com/images/media/team/badge/q1c9cv1734456934.png","https://www.thesportsdb.com/api/v1/json/3/lookupteam.php?id=150250"
"Universitatea Craiova","Universitatea Craiova","candidate","high","https://r2.thesportsdb.com/images/media/team/badge/1jdz2y1579793710.png","https://www.thesportsdb.com/api/v1/json/3/lookupteam.php?id=138188"
"UP Langreo","Langreo","candidate","high","https://r2.thesportsdb.com/images/media/team/badge/ld36dj1680935138.png","https://www.thesportsdb.com/api/v1/json/3/lookupteam.php?id=137833"
"Utebo FC","Utebo","candidate","high","https://r2.thesportsdb.com/images/media/team/badge/k19kig1660660164.png","https://www.thesportsdb.com/api/v1/json/3/lookupteam.php?id=146803"
"Valle de Egües","Valle de Egüés","candidate","high","https://r2.thesportsdb.com/images/media/team/badge/hk9r2f1690068651.png","https://www.thesportsdb.com/api/v1/json/3/lookupteam.php?id=147600"
"Vasco da Gama","Vasco da Gama","candidate","high","https://r2.thesportsdb.com/images/media/team/badge/ynqlxo1630521109.png","https://www.thesportsdb.com/api/v1/json/3/lookupteam.php?id=134282"
"Viking FK","Viking","candidate","high","https://r2.thesportsdb.com/images/media/team/badge/9mzq961590148192.png","https://www.thesportsdb.com/api/v1/json/3/lookupteam.php?id=134570"
"Víkingur Gøta","Víkingur Gøta","candidate","high","https://r2.thesportsdb.com/images/media/team/badge/tqgvkm1579294757.png","https://www.thesportsdb.com/api/v1/json/3/lookupteam.php?id=134026"
"Víkingur Reykjavík","Víkingur Reykjavík","candidate","high","https://r2.thesportsdb.com/images/media/team/badge/srhq2w1579111270.png","https://www.thesportsdb.com/api/v1/json/3/lookupteam.php?id=137974"
"Vitória","Vitória","candidate","high","https://r2.thesportsdb.com/images/media/team/badge/tysrrx1473538156.png","https://www.thesportsdb.com/api/v1/json/3/lookupteam.php?id=134280"
"Wealdstone","Wealdstone","candidate","high","https://r2.thesportsdb.com/images/media/team/badge/hqy3vu1510314795.png","https://www.thesportsdb.com/api/v1/json/3/lookupteam.php?id=135975"
"Weston Super Mare","Weston-super-Mare","candidate","high","https://r2.thesportsdb.com/images/media/team/badge/9et4jz1546024703.png","https://www.thesportsdb.com/api/v1/json/3/lookupteam.php?id=136258"
"Yongin City FC","Yongin FC","candidate","review","https://yonginfc.co.kr/assets/header/logo/yongin-fc-mark.svg","https://yonginfc.co.kr/"
"Zanzibar","Zanzibar national football team","candidate","review","https://upload.wikimedia.org/wikipedia/commons/d/d4/Flag_of_Zanzibar.svg","https://en.wikipedia.org/wiki/Zanzibar_national_football_team"
